Website,EHR Name,Tech Stack
allervie.com,,
patagonia.com,,
hearinglife.ca,,
andymohr.com,,
daymarkrecovery.org,,
giveblood.org,,
qubicaamf.com,,
texasheart.org,,
larabida.org,,
svhealthcare.org,,
sacredheartmercy.org,,
nevhc.org,,
eisnerhealth.org,,
ryanhealth.org,,
gracemed.org,,
fetterhealthcare.org,,
langleyhealth.com,,
peakvista.org,,
marinclinics.org,,
pccwellness.org,,
careresource.org,,
aaphc.org,,
familyfirsthealth.org,,
phcenters.com,,
some.org,,
truecare.org,,
amoskeaghealth.org,,
unityhealthcare.org,,
waynehospital.org,,
stillwater-medical.org,,
espiredental.com,,
myidealdental.com,,
affordabledentures.com,,
dentrix.com,,
platinumderm.com,,
byramhealthcare.com,,
careatc.com,,
countrymark.com,,
ccrm.ca,,
kanesfurniture.com,,
lovesac.com,,
jeromes.com,,
allieddigestivehealth.com,,
familysearch.org,,
co.allen.in.us,,
greenvillenc.gov,,
capemaycountynj.gov,,
waynecounty.com,,
buttecounty.net,,
spd.in.gov,,
brazoscountytx.gov,,
osceola.org,,
partnershiphp.org,,
cvmc.org,,
chartercare.org,,
bethesdahealth.org,,
samaritanhealthcare.com,,
drg.com,,
quorumhealth.com,,
healthalliance.co.nz,,
homewellcares.com,,
rightathomeuk.com,,
rightathome.net,,
budgetblinds.com,,
alayacare.com,,
gadsdenregional.com,,
gchospital.org,,
majorhospital.org,,
oomc.com,,
sanjuanmedicalcenter.com,,
auburnhospital.org,,
wtbyhosp.org,,
whitememorial.org,,
hollandhospital.org,,
bmgh.org,,
ecmh.org,,
gcrmc.org,,
ccmhhealth.com,,
mch1.org,,
grahamrmc.com,,
mmchs.org,,
ppgh.com,,
magruderhospital.com,,
covh.org,,
mhd.com,,
watsonvillehospital.com,,
jmc.org,,
daviess.org,,
hrmc.com,,
huhosp.org,,
uhsrgv.com,,
dchsystem.com,,
sturdyhealth.org,,
crh.org,,
randolphhealth.org,,
lecomhealth.org,,
grmc.org,,
calverthealthmed.org,,
ruralhs.org,,
conwayregional.org,,
waynehealthcare.org,,
kishhealth.org,,
holzer.org,,
trinitas.org,,
huntregional.org,,
oaklawn.org,,
earthlink.net,,
newhorizons.com,,
junk-king.com,,
monogramhealth.com,,
paulweiss.com,,
foley.com,,
zynex.com,,
fmc-na.com,,
sunmed.com,,
coveris.com,,
rossu.edu,,
lecom.edu,,
dispatchhealth.com,,
jkmoving.com,,
watsonclinic.com,,
bozemanclinic.com,,
bassmedicalgroup.com,,
imperialhealth.com,,
lmgdoctors.com,,
white-wilson.com,,
priviahealth.com,,
wrightstatephysicians.org,,
dmu.edu,,
priorityhealth.com,,
scanhealthplan.com,,
homeward.com,,
touchmark.com,,
graffdiamonds.hk,,
aol.com,,
AOL.COM,,
emergeortho.com,,
beaconortho.com,,
tsaog.com,,
hughston.com,,
orthoaustin.com,,
orthoindy.com,,
ohinj.org,,
floridaortho.com,,
nebraskaortho.com,,
scriptcare.com,,
completerx.com,,
getluna.com,,
h2health.com,,
spearcenter.com,,
twinboro.com,,
sacobaypt.com,,
rebound-pt.com,,
oxfordpt.com,,
upperlinehealth.com,,
balancehealth.com,,
concertocare.com,,
marathon.health,,
smcmed.com,,
mybethanymedical.com,,
honesthealth.com,,
absolutecare.com,,
palmmedicalcenters.com,,
cfainstitute.org,,
pauldavis.com,,
greenbrooktms.com,,
adph.state.al.us,,
christianhealthnj.org,,
broadriverrehab.com,,
vectorsecurity.com,,
welbehealth.com,,
nationalchurchresidences.org,,
ovationbyavamere.com,,
aplaceformom.com,,
alarm.com,,
covenanthouse.org,,
shieldsrx.com,,
nba.com,,
w3global.com,,
fioptics.com,,
campbell.edu,,
unitir.edu.al,,
kenan-flagler.unc.edu,,
valdosta.edu,,
tcnj.edu,,
hunter.cuny.edu,,
regis.edu,,
washburn.edu,,
zoomcare.com,,
nextcare.com,,
doctorscare.com,,
fastpacehealth.com,,
carewelluc.com,,
wellstreet.com,,
urologygroup.com,,
onsitewomenshealth.com,,
whasn.com,,
togetherwomenshealth.com,,
eecs.umich.edu,,
jefferson.edu,,
stonybrookmedicine.edu,,
mednet.ucla.edu,,
rush.edu,,
bidmc.harvard.edu,,
med.miami.edu,,
llu.edu,,
bmc.org,,
nebraskamed.com,,
augusta.edu,,
dmc.org,,
wvumedicine.org,,
opalagedcare.com.au,,
opalhealthcare.com.au,,
na.honda.com,,
bhsi.com,,
choc.org,,
atlchildrens.com,,
childrenscolorado.org,,
sickkids.ca,,
dentalcorp.ca,,
radnet.com,,
bluewin.ch,,
yahoo.com,,
novataste.com,,
montgomerycountymd.gov,,
waynecountymi.gov,,
chsinc.com,,
na.crh.com,,
brookdalehealth.com,,
brightstarcare.com,,
Brightstarcare.com,,
northwell.edu,,
carilionclinic.org,,
montefiore.org,,
nm.org,,
rwjbh.org,,
uvmhealth.org,,
valleyhealth.com,,
sclhealth.org,,
centracare.com,,
northside.com,,
multicare.org,,
northshore.org,,
jhsmiami.org,,
baptisthealth.net,,
gundersenhealth.org,,
stelizabeth.com,,
tmcaz.com,,
nghs.com,,
ghs.com,,
chsli.org,,
integrishealth.org,,
dh.org,,
msha.com,,
mhs.net,,
midmichiganhs.org,,
tuftsmedicine.org,,
farmersagent.com,,
mattressfirm.com,,
bu.edu,,
easterseals.com,,
optimum.net,,
dc.gov,,
wisc.edu,,
ssc.wisc.edu,,
hillenbrand.com,,
usoncology.com,,
corahealth.com,,
centerwell.com,,
wellmed.net,,
harcourts.net,,
ljhooker.com,,
linkedin.com,,
ufl.edu,,
usf.edu,,
unc.edu,,
uconn.edu,,
wustl.edu,,
indiana.edu,,
northwestern.edu,,
oregonstate.edu,,
buffalo.edu,,
wsu.edu,,
txstate.edu,,
ou.edu,,
uw.edu,,
u.washington.edu,,
yale.edu,,
iu.edu,,
patientfirst.com,,
andersencorp.com,,
ppfa.org,,
carmelallergy.com,,
ohiobariatrics.com,,
strongfoundationbhc.com,,
balancedbehavioralhealth.com,,
rootsbirthcenter.com,,
jamesrivercardiology.com,,
mc-cardiology.com,,
northcoastcardiology.com,,
axiscv.com,,
cardiavision.com,,
naplesheartrhythm.com,,
faithmedical.org,,
latinossalud.org,,
lighthousecomplexcare.com,,
hearthsidemedicine.com,,
aethermedicine.com,,
commonwealth-dentistry.com,,
aiyandiabetescenter.com,,
brfamilymed.com,,
premierefamilypractice.com,,
avalonfamilycare.com,,
lakeroadfamilymedicine.com,,
galvezfamilymedicine.com,,
soundfamilyhealth.com,,
trinityfamilymed.com,,
cooperfamilymedical.com,,
redriverfamilypractice.com,,
libertasfamilymedicine.com,,
mackeyfamilypractice.com,,
lanefamilywellness.com,,
efmpc.com,,
sparksfamily.us,,
mifertility.com,,
healthandhopeclinic.org,,
landerfreeclinic.org,,
gastrocaremd.com,,
southlincolnmedical.com,,
itrustwellness.com,,
previvor.care,,
glaucomacenter.com,,
tabithamedicalcare.com,,
myhomehc.com,,
hometownhealthcare.net,,
hormonalwellbeing.com,,
idcdenver.com,,
infectionsmanaged.com,,
dehoyosinjury.com,,
alpineintegratedmedicine.com,,
zenithhealthinstitute.com,,
herzogvitalitycenter.com,,
therenewalpoint.com,,
tworoadswellnessclinic.com,,
larewinternalmedicine.com,,
msmedicine.com,,
campinterventionalpain.com,,
injectrxwellness.com,,
catchmobilehealth.com,,
aspenclinic.com,,
kidneycares.com,,
premierneurology.org,,
palmbeachneurology.com,,
theneuronclinic.com,,
familyneurology.com,,
drbrainrx.com,,
achievebrainandspine.com,,
regionalbrainandspine.com,,
neuropaxclinic.com,,
polinneurosurgery.com,,
bonnerag.com,,
buyaustralianproperties.com.au,,
embracewomenshealth.com.au,,
previvoredge.com,,
trainyourbrain.me,,
neighborhoodresilience.org,,
fmconsulting.com,,
dscontractllc.com,,
mydentistforlife.com,,
designandbusiness.eu,,
vertrax.com,,
the4020collective.org,,
irisplans.com,,
dimerhealth.com,,
cortexon.com,,
stallant.com,,
welliti.com,,
healthcaretoday.com,,
rappore.com,,
acmconnect.com,,
athomeharmony.com,,
imge.com,,
zipo.it,,
granerlaw.com,,
cashmediq.com,,
mercyurgentbilling.com,,
crossroadsmedicalmission.org,,
acaciamedicalmission.org,,
guardianmedicalusa.com,,
minddemand.com,,
radiant-health.co.nz,,
intuitivepe.com,,
productsource.biz,,
toourshores.org,,
themercyministries.org,,
rivercityministry.org,,
radianthealthsaunas.com,,
seniorsrising.us,,
naborly.net,,
homewardtitle.com,,
ajrcso.com,,
scc.md,,
cmbsllc.net,,
osicda.com,,
chambersandblohm.com,,
theblendinstitute.com,,
fillingane.com,,
sndc.info,,
k50ventures.com,,
transformationplus.com,,
bodyvitalitynow.com,,
roccosremedy.com,,
gpatech.com,,
pynes.com,,
nashobgyn.com,,
craigranchobgyn.com,,
northspringsobgyn.com,,
omegaobgyn.com,,
wihobgyn.com,,
ovationobgyn.com,,
magnoliaobgyn.com,,
advgyn.com,,
gyngeorgia.com,,
gaprenatal.com,,
centralmarylandeye.com,,
allstarortho.com,,
thunderortho.com,,
louisvillehipandkneeinstitute.com,,
thebonehealthclinic.com,,
buxpainmanagement.com,,
southernpainandspine.com,,
casanovapt.com,,
tier1therapy.com,,
northlandplasticsurgery.com,,
donaldsonplasticsurgery.com,,
westchesterpodiatric.com,,
physiciansfootcare.com,,
vivasaludclinic.com,,
cercanoscare.com,,
rosettahealth.com,,
paretoclinic.com,,
swanprimarycare.com,,
dragonflyprimarycare.com,,
journeyhealthdpc.com,,
twentyonemedical.com,,
highlandhealthdirect.com,,
merciehealth.com,,
ashleyclinic.com,,
emeraldwatersprimarycare.com,,
kolbeclinic.com,,
thechadwickclinic.com,,
sunflowermedicalclinic.com,,
hillsboroclinic.com,,
pigaprimarycare.com,,
bewellprimarycare.com,,
kemellhealth.com,,
hopeprimarycare.com,,
prairieclinic.com,,
archesmed.com,,
greywoodhealth.com,,
ascendingmedicine.com,,
healthyhomeprimarycare.com,,
healthyhomehc.com,,
thrivewellclinic.com,,
atmaclinic.com,,
moderaclinic.com,,
themorrisonclinic.com,,
morrisonclinic.com,,
wilkensmedicalgroup.com,,
sensenbrennerprimarycare.com,,
pienkowskimd.com,,
greenspringmed.com,,
riograndemedicine.com,,
sundaramed.com,,
whspmedical.com,,
caremedicals.com,,
healemedical.com,,
medcare.plus,,
birdseyemedical.com,,
ascendmedical.com,,
wellswellnessmt.com,,
bewellmedical.com,,
undeniablehealthcare.com,,
samatahealth.com,,
optimumwellnessmn.com,,
graceycare.com,,
tidelinepsych.com,,
cpsychiatricsolutions.com,,
lhpsych.com,,
rogerspsychotherapy.com,,
rejuvmedical.com,,
brandywinerheumatology.com,,
atxroboticsurgery.com,,
ocracokehealthcenter.org,,
claytonsleep.com,,
texassleepclinic.com,,
dreamsleepmedicine.com,,
respairsleep.com,,
fosnightcenter.com,,
thespineandsportscenter.com,,
ispineclinics.com,,
rigbyperformancemedicine.com,,
thrive-surgery.com,,
myvirtualphysician.com,,
palomapc.com,,
alldaymedicalcare.com,,
zupmed.com,,
coastalvascularcenter.com,,
weightingoldwellness.com,,
joelwellnessclinic.com,,
whealthtx.com,,
femmeflor.com,,
brookwoodwomenshealth.com,,
pearlwomenscenter.com,,
newuwomensclinic.com,,
calhounwomenscenter.com,,
eliteobgynpb.com,,
coxhealth.com,,
lifebridgehealth.org,,
balladhealth.org,,
vcuhealth.org,,
cchmc.org,,
saint-lukes.org,,
saintlukeskc.org,,
leehealth.org,,
parklandhealth.org,,
phhs.org,,
memorialcare.org,,
tgh.org,,
seweurodrive.com,,
uh.edu,,
umassmemorial.org,,
honorhealth.com,,
lifespan.org,,
scrippshealth.org,,
harmonycares.com,,
greatriverhealth.org,,
adirondackhealth.org,,
reliantmedicalgroup.org,,
springfieldclinic.com,,
emich.edu,,
huschblackwell.com,,
orthocarolina.com,,
mnk.com,,
floridawomancare.com,,
utsouthwestern.edu,,
uchicagomedicine.org,,
ohsu.edu,,
uabmc.edu,,
lyondellbasell.com,,
foodcity.com,,
sluhn.org,,
baptist-health.org,,
atlantichealth.org,,
bmhcc.org,,
ipsos.com,,
hsc.utah.edu,,
rogers.com,,
nva.com,,
musc.edu,,
ummhc.org,,
vumc.org,,
emoryhealthcare.org,,
texashealth.org,,
mainehealth.org,,
wellstar.org,,
uwhealth.org,,
inova.org,,
drreddys.com,,
fcps.org,,
rumcsi.org,,
williamsonhealth.org,,
med.umich.edu,,
stanfordhealthcare.org,,
uhhospitals.org,,
accentcare.com,,
hfhs.org,,
houstonmethodist.org,,
memorialhermann.org,,
unitypoint.org,,
baycare.org,,
uchealth.org,,
steward.org,,
prismahealth.org,,
sentara.com,,
nbcuni.com,,
ucsf.edu,,
gsb.columbia.edu,,
uci.edu,,
alumni.emory.edu,,
columbia.edu,,
bms.com,,
vca.com,,
hmh.org,,
hmhn.org,,
ohiohealth.com,,
ochsner.org,,
medstar.net,,
hackensack.org,,
encompasshealth.com,,
confluencehealth.org,,
bayhealth.org,,
uphs.upenn.edu,,
pennmedicine.upenn.edu,,
jhmi.edu,,
ucdavis.edu,,
ssmhealth.com,,
mountsinai.org,,
iuhealth.org,,
novanthealth.org,,
piedmont.org,,
fresenius-kabi.com,,
mckesson.com,,
christushealth.org,,
selectmedical.com,,
uthscsa.edu,,
downstate.edu,,
utmck.edu,,
cmh.edu,,
health.southalabama.edu,,
creighton.edu,,
tulane.edu,,
tuftsmedicalcenter.org,,
lsuhsc.edu,,
lsuhs.edu,,
uthsc.edu,,
utoledo.edu,,
mayo.edu,,
horizonair.com,,
childrensnebraska.org,,
valleychildrens.org,,
ivytech.edu,,
foundationhealth.org,,
affordablecare.com,,
forefrontdermatology.com,,
forefrontderm.com,,
pinellas.gov,,
howardcountymd.gov,,
camc.org,,
mygenesishealth.com,,
midlandhealth.org,,
hoag.org,,
athenahealth.com,,
mmm.com,,
homehelpershomecare.com,,
comforcare.com,,
sjhmc.org,,
mtvhs.org,,
lowellgeneral.org,,
ochs.org,,
mdmercy.com,,
regionalhealth.org,,
monument.health,,
qhc.on.ca,,
deaconess.com,,
lhs.org,,
northwesthealth.com.au,,
aultman.com,,
halifax.org,,
hendricks.org,,
selfregional.org,,
mysrhs.com,,
snhhs.org,,
montagehealth.org,,
umchealth.org,,
paloshealth.com,,
evergreenhealth.com,,
valleybaptist.net,,
ars.com,,
asr.nl,,
austinregionalclinic.com,,
duly.com,,
abc.net.au,,
byu.edu,,
umu.se,,
amity.edu,,
ptn.amity.edu,,
eyecare-partners.com,,
evertecinc.com,,
ivyrehab.com,,
athletico.com,,
kessler-rehab.com,,
benchmarkpt.com,,
kort.com,,
ptsolutions.com,,
resultspt.com,,
team-rehab.com,,
caremore.com,,
innovacarehealth.com,,
convivasolutions.com,,
onemedical.com,,
centerwellprimarycare.com,,
ljhooker.com.au,,
ljh.com.au,,
gccisd.net,,
evergreenhealthcare.org,,
asr-group.com,,
uwyo.edu,,
mail.waldenu.edu,,
gvsu.edu,,
wmich.edu,,
alaska.edu,,
shsu.edu,,
marshall.edu,,
auburn.edu,,
uta.edu,,
fiu.edu,,
womenscare.com,,
womans.org,,
focuspartners.com,,
valleyhealth.org,,
capefearvalley.com,,
pih.org,,
aultman.org,,
carefirst.com,,
lifestance.com,,
louisville.edu,,
browardhealth.org,,
hawaiipacifichealth.org,,
metrohealth.org,,
kelsey-seybold.com,,
imperial.ac.uk,,
