Company Name,Found Domain,Domain Status,Domain Source,Company Logo
Microsoft Corporation,microsoft.com,Found,Clearbit Autocomplete,https://logo.clearbit.com/microsoft.com
Google LLC,google.com,Found,Clearbit Autocomplete,https://logo.clearbit.com/google.com
Stripe Inc.,stripe.com,Found,Clearbit Autocomplete,https://logo.clearbit.com/stripe.com
Reliance Industries Ltd,relianceindus.com,Found,Clearbit Autocomplete,https://logo.clearbit.com/relianceindus.com
Notion Labs,notion.so,Found,Clearbit Autocomplete,https://logo.clearbit.com/notion.so
AirBnb Inc,airbnb.com,Found,Clearbit Autocomplete,https://logo.clearbit.com/airbnb.com
Adobe Systems Inc,adobe.com,Found,Clearbit Autocomplete,https://logo.clearbit.com/adobe.com
Zomato India,zomato.com,Found,Clearbit Autocomplete,https://logo.clearbit.com/zomato.com
,,Failed,N/A,
NonExistentFakeCompanyXYZ,,Not Found,N/A,