Company Name,Domain,Category,Location
Internal Medicine Doctor Brooklyn,newyorkentinstitute.com,Internal Medicine,"New York, NY, USA"
Future Care Internal Medicine,futurecaremedicine.com,Internal Medicine,"New York, NY, USA"
Medical Internal Medicine Queens,nypclinic.com,Internal Medicine,"New York, NY, USA"
"Manhattan Internal Medicine Associates, P.C.",manhattanmedicine.net,Internal Medicine,"New York, NY, USA"
Integrated Internal Medicine,integratedinternalmed.com,Internal Medicine,"New York, NY, USA"
NYU Langone Internal Medicine Associates,nyulangone.org,Internal Medicine,"New York, NY, USA"
Artisans of Medicine NYC,aomnyc.com,Internal Medicine,"New York, NY, USA"
张清内科家庭医生法拉盛诊所 : Dr. Qing Zhang MD PhD /PCP/Internal Medicine Clinic in Flushing New York,qingzhangmedical.com,Internal Medicine,"New York, NY, USA"
Broadway Internal Medicine P.C.,broadwayinternalmedicine.com,Internal Medicine,"New York, NY, USA"
Mount Sinai Internal Medicine Associates,mountsinai.org,Internal Medicine,"New York, NY, USA"
"Plaza East Internal Medicine, PC",plazaeast.com,Internal Medicine,"New York, NY, USA"
Dr. Alla Belilovsky,northwell.edu,Internal Medicine,"New York, NY, USA"
"Associates in Internal Medicine, PC",internalmedicineny.com,Internal Medicine,"New York, NY, USA"
"Peggy Elango, DO",peggyelangodo.com,Internal Medicine,"New York, NY, USA"
"Eva Galstian, DO",familymedicinenyc.com,Internal Medicine,"New York, NY, USA"
Leaf Medical,leafmedical.org,Internal Medicine,"New York, NY, USA"
Weill Cornell Medicine - Adult Internal Medicine,weillcornell.org,Internal Medicine,"New York, NY, USA"
Brooklyn Internists: Dr. Anzhela Dvorkina,centurymedicaldental.com,Internal Medicine,"New York, NY, USA"
"Mary Hanna, MD",doctors.nyp.org,Internal Medicine,"New York, NY, USA"
Medical Internal Medicine Brooklyn,allhealthdtc.com,Internal Medicine,"New York, NY, USA"
Optum Internal Medicine - Secaucus,east.optum.com,Internal Medicine,"New York, NY, USA"
Cesar Palana MD | CPMD Internal Medicine,cdocgroup.com,Internal Medicine,"Los Angeles, CA, USA"
Beverly Hills Internal Medicine,bhinternalmedicine.com,Internal Medicine,"Los Angeles, CA, USA"
Premiere Medical Center,medpartnerstl.com,Internal Medicine,"Los Angeles, CA, USA"
Cedars-Sinai Internal Medicine,cedars-sinai.org,Internal Medicine,"Los Angeles, CA, USA"
"Narineh Yermian, DO",elevatehealthgroup.com,Internal Medicine,"Los Angeles, CA, USA"
Kaiser Permanente Internal Medicine,healthy.kaiserpermanente.org,Internal Medicine,"Los Angeles, CA, USA"
Glendale Internal Medicine Clinic,gimclinic.com,Internal Medicine,"Los Angeles, CA, USA"
"Jeff Toll, MD",jefftollmd.com,Internal Medicine,"Los Angeles, CA, USA"
Wilshire Internal Medicine,wilshireim.com,Internal Medicine,"Los Angeles, CA, USA"
Beverly Hills Institute: Foxman Alex MD,bhinstitute.com,Internal Medicine,"Los Angeles, CA, USA"
Dr. G Health,drghealth.us,Internal Medicine,"Los Angeles, CA, USA"
Wynn Medical Center,drbeautyswe.com,Internal Medicine,"Los Angeles, CA, USA"
One Medical Primary Care Clinic - Downtown LA,onemedical.com,Internal Medicine,"Los Angeles, CA, USA"
Keck Medicine of USC - USC Internal Medicine (HC2),keckmedicine.org,Internal Medicine,"Los Angeles, CA, USA"
Dr. David Nazarian MD,myconciergemd.com,Internal Medicine,"Los Angeles, CA, USA"
Santa Fe Internal Medicine,santafeinternalmedicine.com,Internal Medicine,"Los Angeles, CA, USA"
"Dr. David B. Lalezari, MD",doctorlalezari.com,Internal Medicine,"Los Angeles, CA, USA"
"김성현 내과 | SUNG HYUN KIM, MD. Internal Medicine",drkims.org,Internal Medicine,"Los Angeles, CA, USA"
"Pasadena Concierge - Dr. David Dang, MD",daviddangmd.com,Internal Medicine,"Los Angeles, CA, USA"
PIH Health Internal Medicine Wilshire Medical Office Building,pihhealth.org,Internal Medicine,"Los Angeles, CA, USA"
"김민성 내과 | Calvin Kim, MD Internal Medicine",calvinkimmd.com,Internal Medicine,"Los Angeles, CA, USA"
The Doctor,thedoctor.me,Internal Medicine,"Los Angeles, CA, USA"
UCLA Health Downtown LA Primary & Specialty Care,uclahealth.org,Internal Medicine,"Los Angeles, CA, USA"
Best Internal Medicine in Culver City,doctorrezvani.com,Internal Medicine,"Los Angeles, CA, USA"
Pacific Oaks Medical Group,pacificoaks.com,Internal Medicine,"Los Angeles, CA, USA"
Pedram J. Kohan M.D.,drkohanmd.com,Internal Medicine,"Los Angeles, CA, USA"
Northwestern Medicine General Internal Medicine Clinic,nm.org,Internal Medicine,"Chicago, IL, USA"
Andersonville Internal Medicine,andersonvillemed.com,Internal Medicine,"Chicago, IL, USA"
Michigan Avenue Primary Care,michiganavenueprimarycare.com,Internal Medicine,"Chicago, IL, USA"
Harper Health Concierge Primary Care - Chicago,harper-health.com,Internal Medicine,"Chicago, IL, USA"
"Internal Medicine Associates, PLLC",chicagointernalmedicine.org,Internal Medicine,"Chicago, IL, USA"
Mount Sinai Hospital,residency.sinaichicago.org,Internal Medicine,"Chicago, IL, USA"
"Michigan Avenue Internists, LLC",michiganavenueinternists.com,Internal Medicine,"Chicago, IL, USA"
Endeavor Health Internal Medicine - Chicago in Lincoln Square,endeavorhealth.org,Internal Medicine,"Chicago, IL, USA"
Advocate Medical Group Internal Medicine,advocatehealth.com,Internal Medicine,"Chicago, IL, USA"
Signal Internal Medicine,signalinternalmedicine.com,Internal Medicine,"Chicago, IL, USA"
"Edward C. Qian, DO",doctors.rush.edu,Internal Medicine,"Chicago, IL, USA"
Riverside Internal Medicine,chicagohealthmedicalgroup.com,Internal Medicine,"Chicago, IL, USA"
West Suburban Internal Medicine Residency,westsuburbanmc.com,Internal Medicine,"Chicago, IL, USA"
"Danuta K Hoyer, MD",ccwm.com,Internal Medicine,"Chicago, IL, USA"
"Dr. Dragan Djordjevic, MD",mdvip.com,Internal Medicine,"Chicago, IL, USA"
MacNeal Internal Medicine Residency,myloyola.luhs.org,Internal Medicine,"Chicago, IL, USA"
Ascension Medical Group Illinois,healthcare.ascension.org,Internal Medicine,"Chicago, IL, USA"
"Sean D. O'Connor, MD",seanoconnormd.com,Internal Medicine,"Chicago, IL, USA"
"Dr. Alex J. Lickerman, MD",imaginemd.net,Internal Medicine,"Chicago, IL, USA"
University of Chicago Internal Medicine Residency,medchiefs.bsd.uchicago.edu,Internal Medicine,"Chicago, IL, USA"
KerixHealth West Loop,kerixhealth.com,Internal Medicine,"Chicago, IL, USA"
Internal Medicine Physician Houston,internalmedicinehouston.org,Internal Medicine,"Houston, TX, USA"
UT Physicians Internal Medicine - Texas Medical Center,utphysicians.com,Internal Medicine,"Houston, TX, USA"
"Medical Clinic of Houston, LLP",mchllp.com,Internal Medicine,"Houston, TX, USA"
Village Medical - River Oaks,villagemedical.com,Internal Medicine,"Houston, TX, USA"
White Oak Medical Associates,whiteoakmedicalassociates.com,Internal Medicine,"Houston, TX, USA"
Core Primary Care,coreprimarycare.com,Internal Medicine,"Houston, TX, USA"
"Mariette Pierre, MD",ppgdoctor.com,Internal Medicine,"Houston, TX, USA"
"William Manuel, MD",wmanuel.com,Internal Medicine,"Houston, TX, USA"
"Kaveh Samani, MD",remixhq.com,Internal Medicine,"Houston, TX, USA"
Kelsey-Seybold Clinic | Memorial Villages Campus,kelsey-seybold.com,Internal Medicine,"Houston, TX, USA"
Houston Methodist Academic Medicine Associates,houstonmethodist.org,Internal Medicine,"Houston, TX, USA"
CI Medical Center,cimedicalcenter.com,Internal Medicine,"Houston, TX, USA"
Dr. Annie Janise,dedicated.care,Internal Medicine,"Houston, TX, USA"
Dr. Tina H. Pariani,agebold.com,Internal Medicine,"Houston, TX, USA"
"Dr. John P. Ott, MD",johnpottmd.com,Internal Medicine,"Houston, TX, USA"
"Dr. Bita Pour-Jafari, MD",my-tpp.com,Internal Medicine,"Houston, TX, USA"
Laura Mansilla MD,memorialhermann.org,Internal Medicine,"Houston, TX, USA"
Texas Center for Lifestyle Medicine,texascenterforlifestylemedicine.org,Internal Medicine,"Houston, TX, USA"
Internal Medicine of Arizona,topdocsaz.com,Internal Medicine,"Phoenix, AZ, USA"
"Banner - University Medicine Internal Medicine Clinic | Phoenix, AZ | 12th St.",bannerhealth.com,Internal Medicine,"Phoenix, AZ, USA"
Phoenix Internal Medicine,phoenixinternalmed.com,Internal Medicine,"Phoenix, AZ, USA"
Bookmark Medical - Phoenix Central,bookmarkmedical.com,Internal Medicine,"Phoenix, AZ, USA"
Shafa Medical Clinic,shafamedical.com,Internal Medicine,"Phoenix, AZ, USA"
North Phoenix Internal Medicine,northphoenixinternalmedicine.com,Internal Medicine,"Phoenix, AZ, USA"
I M Specialist Inc. / Dr. Rashda Kaif,imspecialistmd.com,Internal Medicine,"Phoenix, AZ, USA"
Vitality Internal Medicine - Dr. Ben Evans,mensvitalitycenter.com,Internal Medicine,"Phoenix, AZ, USA"
Dignity Health Medical Group Internal Medicine - St Joseph's,locations.dignityhealth.org,Internal Medicine,"Phoenix, AZ, USA"
Desert Breeze Internal Medicine,desertbreezeim.com,Internal Medicine,"Phoenix, AZ, USA"
"Centra Internal Medicine in Phoenix, AZ",centrainternalmedicine.com,Internal Medicine,"Phoenix, AZ, USA"
HonorHealth Medical Group - Osborn,honorhealth.com,Internal Medicine,"Phoenix, AZ, USA"
Internal Medicine AZ / Geriatric Specialties of AZ,internmedaz.com,Internal Medicine,"Phoenix, AZ, USA"
HonorHealth Medical Group - Marina Heights,reach-redirect.kyruus.com,Internal Medicine,"Phoenix, AZ, USA"
PrimaCare Primary Care/Internal Medicine Clinic,primacareaz.com,Internal Medicine,"Phoenix, AZ, USA"
"Dr. Patrick M. Heenan, DO",mcdowellhealthcenters.com,Internal Medicine,"Phoenix, AZ, USA"
NuGen Medicine,nugenmedicine.com,Internal Medicine,"Phoenix, AZ, USA"
Providence General Medicine,providencemedicine.com,Internal Medicine,"Phoenix, AZ, USA"
Penncare Internal Medicine,pennmedicine.org,Internal Medicine,"Philadelphia, PA, USA"
Drexel Internal Medicine,drexelmedicine.org,Internal Medicine,"Philadelphia, PA, USA"
Temple Internal Medicine,templehealth.org,Internal Medicine,"Philadelphia, PA, USA"
Einstein Internal Medicine Associates,jeffersonhealth.org,Internal Medicine,"Philadelphia, PA, USA"
Tabor Adams Internal Medicine,redeemerhealth.org,Internal Medicine,"Philadelphia, PA, USA"
Internal Medicine Broomall,crozerkeystone.org,Internal Medicine,"Philadelphia, PA, USA"
Advocare Primary Care For Adults,advocaredoctors.com,Internal Medicine,"Philadelphia, PA, USA"
Rittenhouse Internal Medicine,rwwc.com,Internal Medicine,"Philadelphia, PA, USA"
Main Line HealthCare Internal Medicine at Lankenau Medical Center,mainlinehealth.org,Internal Medicine,"Philadelphia, PA, USA"
Cooper Internal Medicine at Gloucester City,cooperhealth.org,Internal Medicine,"Philadelphia, PA, USA"
Lower Merion Family Medicine,lmfammed.com,Internal Medicine,"Philadelphia, PA, USA"
Shamrock Medicine,shamrockmedicine.com,Internal Medicine,"Philadelphia, PA, USA"
Thomas Jefferson Internal Medicine Associates,jefferson.edu,Internal Medicine,"Philadelphia, PA, USA"
Hassman Family Medicine Center,pcomhealth.org,Internal Medicine,"Philadelphia, PA, USA"
Advocare Stoll Medical Group,advocarestollmedicalgroup.com,Internal Medicine,"Philadelphia, PA, USA"
Division of General Internal Medicine,uphs.upenn.edu,Internal Medicine,"Philadelphia, PA, USA"
"Modern Family Medicine Main Line - Dr. David M Ho, MD",modernfamilymedicinemainline.com,Internal Medicine,"Philadelphia, PA, USA"
Center For Internal Medicine Primary Care Clinic,centerforinternalmedicine.com,Internal Medicine,"San Antonio, TX, USA"
SA Premier Internal Medicine,sapimd.com,Internal Medicine,"San Antonio, TX, USA"
Hillside Primary Care,hillsideprimarycare.com,Internal Medicine,"San Antonio, TX, USA"
"South Texas Internal Medicine Associates, LLC",southtexasinternalmedicine.com,Internal Medicine,"San Antonio, TX, USA"
"Raul Gaona Jr Jr, MD",baptistmedicalnetwork.com,Internal Medicine,"San Antonio, TX, USA"
"Jesus A. Valdes, M.D. Internal Medicine",immigrationdoctoruscis.com,Internal Medicine,"San Antonio, TX, USA"
Direct Med Clinic,directmedclinic.com,Internal Medicine,"San Antonio, TX, USA"
CHRISTUS Trinity Clinic,christushealth.org,Internal Medicine,"San Antonio, TX, USA"
Dr. Douglas Valbuena,gonzaba.com,Internal Medicine,"San Antonio, TX, USA"
Tailored MD - Direct Primary Care,tailoredmd.com,Internal Medicine,"San Antonio, TX, USA"
HealthTexas Primary Care Doctors – Wurzbach,healthtexas.org,Internal Medicine,"San Antonio, TX, USA"
Methodist Physicians iMED Healthcare Associates - Alamo Heights,methodistphysicianpractices.com,Internal Medicine,"San Antonio, TX, USA"
San Antonio Specialty Health & Sports Medicine,saspecialty.com,Internal Medicine,"San Antonio, TX, USA"
UT Health San Antonio | MARC,uthscsa.edu,Internal Medicine,"San Antonio, TX, USA"
Harbor Health (formerly Village Medical) - Bandera Heart Plaza One,harborhealth.com,Internal Medicine,"San Antonio, TX, USA"
Dr. Timothy Hernandez,pasteurdocs.com,Internal Medicine,"San Antonio, TX, USA"
Family Medical Home,familymedicalhome.com,Internal Medicine,"San Antonio, TX, USA"
Dr. Celinah O. Olalowo,iphealthcare.com,Internal Medicine,"San Antonio, TX, USA"
"Douglas Hilbert, MD, FACP",hilbertmd.com,Internal Medicine,"San Antonio, TX, USA"
Merlin Direct Primary Care,merlindpc.com,Internal Medicine,"San Antonio, TX, USA"
FocusHealth Kearny Mesa,focushealthmedgroup.com,Internal Medicine,"San Diego, CA, USA"
Chula Vista Internal Medicine,sharp.com,Internal Medicine,"San Diego, CA, USA"
Cardenas Internal Medicine,cardenasinternalmedicine.com,Internal Medicine,"San Diego, CA, USA"
Hillcrest Internal Medicine San Diego,hillcrestinternal.com,Internal Medicine,"San Diego, CA, USA"
Internal Medicine Associates,imadoctors.webflow.io,Internal Medicine,"San Diego, CA, USA"
UC San Diego Health Internal Medicine – Hillcrest,healthlocations.ucsd.edu,Internal Medicine,"San Diego, CA, USA"
Nmc Internal Medicine Clinic,med.navy.mil,Internal Medicine,"San Diego, CA, USA"
Internal Medicine San Diego,im4sd.com,Internal Medicine,"San Diego, CA, USA"
Dr. Nisha Kuruvadi - Medical Wellness Doc,medicalwellnessdoc.com,Internal Medicine,"San Diego, CA, USA"
"Dr. Michlin, MD, FACP",bamichlin.com,Internal Medicine,"San Diego, CA, USA"
CareMD La Mesa,caremdlamesa.com,Internal Medicine,"San Diego, CA, USA"
Paradise Valley Hospital Internal Medicine,paradisevalleyhospital.net,Internal Medicine,"San Diego, CA, USA"
Texas Health Internal Medicine,care.texashealth.org,Internal Medicine,"Dallas, TX, USA"
Dallas Internal Medicine Associates,dallasinternalmed.net,Internal Medicine,"Dallas, TX, USA"
Baylor Scott & White Internal Medicine Associates - Irving,bswhealth.com,Internal Medicine,"Dallas, TX, USA"
Internal Medicine Clinic at Parkland Health,parklandhealth.org,Internal Medicine,"Dallas, TX, USA"
Elam Health and Wellness,elamhealth.com,Internal Medicine,"Dallas, TX, USA"
"Internists of North Dallas: Nabila Aslam, MD",internistofnorthdallas.com,Internal Medicine,"Dallas, TX, USA"
Mesquite Internal Medicine,valoramedical.com,Internal Medicine,"Dallas, TX, USA"
James E Race MD,jameseracemd.com,Internal Medicine,"Dallas, TX, USA"
Southwest Family Medicine Associates,southwestfamilymed.com,Internal Medicine,"Dallas, TX, USA"
Dr. Vijaya Mummadi @ Dallas Medical,ntxobesityandinternalmedicine.com,Internal Medicine,"Dallas, TX, USA"
Internal Medicine Associates of Dallas,nazishislahimd.com,Internal Medicine,"Dallas, TX, USA"
"Gary Goff, MD",garygoffmd.com,Internal Medicine,"Dallas, TX, USA"
William T. & Gay F. Solomon General Internal Medicine Clinic - UT Southwestern,utswmed.org,Internal Medicine,"Dallas, TX, USA"
"Oren Zebaida, MD",ntphp.com,Internal Medicine,"Dallas, TX, USA"
North Dallas Internal Medicine,jebstuartmiersmd.com,Internal Medicine,"Dallas, TX, USA"
Dr. Jamal Lone | Perioperative & Internal Medicine Group,pimgmedgroup.com,Internal Medicine,"Dallas, TX, USA"
Premier Physicians of North Texas,pintphysician.com,Internal Medicine,"Dallas, TX, USA"
"Rachel Boram Park, M.D.",highlandparkconcierge.com,Internal Medicine,"Dallas, TX, USA"
Diamond Health Concierge Medicine,diamondhealthinc.com,Internal Medicine,"Dallas, TX, USA"
"Luke Sorrell MD, FACP",gladdenlongevity.com,Internal Medicine,"Dallas, TX, USA"
UT Southwestern Geriatric Internal Medicine,utsouthwestern.edu,Internal Medicine,"Dallas, TX, USA"
"Dr. Lisa H. Clark, MD",rymap.org,Internal Medicine,"Dallas, TX, USA"
Prima Health Clinic,primahealthclinic.com,Internal Medicine,"Dallas, TX, USA"
WellMed at Irving South,doctors.wellmedhealthcare.com,Internal Medicine,"Dallas, TX, USA"
"Steven M Pounders, MD",drpounders.com,Internal Medicine,"Dallas, TX, USA"
VIP MD Dallas Concierge Medicine,vipmddallas.com,Internal Medicine,"Dallas, TX, USA"
Austin Medical Associates,austinmedicalassociates.com,Internal Medicine,"Austin, TX, USA"
Austin Medical Partners,austinmedicalpartners.com,Internal Medicine,"Austin, TX, USA"
Family Medicine Austin,familymedicineaustin.com,Internal Medicine,"Austin, TX, USA"
"Marcia D. Fagerberg, MD",austinregionalclinic.com,Internal Medicine,"Austin, TX, USA"
"Flora Medical Clinic, PLLC",floramedicalclinic.com,Internal Medicine,"Austin, TX, USA"
Total Men's Primary Care - Downtown,totalmens.com,Internal Medicine,"Austin, TX, USA"
"Gurneet Kohli, MD",pfpdocs.com,Internal Medicine,"Austin, TX, USA"
"Grace Honles, MD",adclinic.com,Internal Medicine,"Austin, TX, USA"
Capital Medical Clinic,capitalmedicalclinic.com,Internal Medicine,"Austin, TX, USA"
Harbor Health (formerly Village Medical) - Evergreen Family Practice,evergreenfamilypractice.net,Internal Medicine,"Austin, TX, USA"
St. David's Internal Medicine,stdavidsinternalmedicine.com,Internal Medicine,"Austin, TX, USA"
Trinity Internal Medicine,ihs.org,Internal Medicine,"Austin, TX, USA"
Roxana Rhodes MD - Partners in Health,partners-in-health.com,Internal Medicine,"Austin, TX, USA"
Euphora Health,euphorahealth.com,Internal Medicine,"Austin, TX, USA"
Baptist Health Primary Care Internal Medicine Center,baptisthealth.net,Internal Medicine,"Miami, FL, USA"
Internal Medicine - University of Miami,uhealthsystem.com,Internal Medicine,"Miami, FL, USA"
Jackson Memorial Hospital Internal Medicine Program,jmhmedicine.com,Internal Medicine,"Miami, FL, USA"
Miami Internal Medicine,miamiinternalmedicine.com,Internal Medicine,"Miami, FL, USA"
University Miami Internal Medcn,med.miami.edu,Internal Medicine,"Miami, FL, USA"
Miami Comprehensive Medicine Group,miamedicine.com,Internal Medicine,"Miami, FL, USA"
Robert H. Thomas M.D. FACP,cgepmd.com,Internal Medicine,"Miami, FL, USA"
UHealth (Internal Medicine),umiamihealth.org,Internal Medicine,"Miami, FL, USA"
Eastern Medical • Coral Way,easternmg.com,Internal Medicine,"Miami, FL, USA"
South Florida Internists Group,sfighealth.com,Internal Medicine,"Miami, FL, USA"
Piedmont Internal Medicine,piedmontinternalmed.com,Internal Medicine,"Atlanta, GA, USA"
"Internal Medicine Specialists of Atlanta, PC",thedoctorsarein.com,Internal Medicine,"Atlanta, GA, USA"
Meridian Internal Medicine & Primary Care Inc,meridianinternalmed.org,Internal Medicine,"Atlanta, GA, USA"
L & H Internal Medicine and Oud Essence Med Spa,lhclinics.com,Internal Medicine,"Atlanta, GA, USA"
Buckhead Internal Medicine PC,buckheadinternalmedicine.com,Internal Medicine,"Atlanta, GA, USA"
Atlanta Center for Medicine,acmdocs.com,Internal Medicine,"Atlanta, GA, USA"
Tawian McKennon Livingston,wellstar.org,Internal Medicine,"Atlanta, GA, USA"
Linduc Medical Clinic,providers.emoryhealthcare.org,Internal Medicine,"Atlanta, GA, USA"
Premier Primary Care Medicine,premierpcmed.com,Internal Medicine,"Atlanta, GA, USA"
Modern Internal Medicine Urgent and Primary Care,mimurgentcare.com,Internal Medicine,"Atlanta, GA, USA"
Atlanta Internal Medicine and Psychiatric Care,aimpcare.com,Internal Medicine,"Atlanta, GA, USA"
Druid Hills Primary Care,druidhillsprimarycare.com,Internal Medicine,"Atlanta, GA, USA"
Sy Med Primary Care at Tucker,mysemg.com,Internal Medicine,"Atlanta, GA, USA"
About You Family Medicine,aboutyoufamilymedicine.com,Internal Medicine,"Atlanta, GA, USA"
Ascend Medical Family Medicine,ascendmedical.com,Internal Medicine,"Atlanta, GA, USA"
"Emilio Lacayo, MD",care.piedmont.org,Internal Medicine,"Atlanta, GA, USA"
Dr. William Brad Harper,piedmont.org,Internal Medicine,"Atlanta, GA, USA"
Pediatrics & Adult Medicine,pediatricsandadultmedicine.com,Internal Medicine,"Atlanta, GA, USA"
"Caedel Medical Group, P.C.",caedeleatl.com,Internal Medicine,"Atlanta, GA, USA"
"Paces Ferry Medical Group, P.C. - Dr Timothy A Young MD",pfmgmed.info,Internal Medicine,"Atlanta, GA, USA"
"Dr. Marion Owen MD, Whole Family Medicine",wholefamilymed.com,Internal Medicine,"Atlanta, GA, USA"
Coney And Minter Internal Medicine,coneyandminter.com,Internal Medicine,"Atlanta, GA, USA"
Revive Atlanta MD - Atlanta Functional & Integrative Medicine,reviveatlmd.com,Internal Medicine,"Atlanta, GA, USA"
Hospital Internal Medicine Services,dekalbmedical.org,Internal Medicine,"Atlanta, GA, USA"
Lakewood Internal Medicine,optum.com,Internal Medicine,"Denver, CO, USA"
Ninth Avenue Internal Medicine,nineim.com,Internal Medicine,"Denver, CO, USA"
Colorado Physician Partners | Harvard Avenue Internal Medicine,coloradophysicianpartners.com,Internal Medicine,"Denver, CO, USA"
CommonSpirit Internal Medicine St. Anthony,mountain.commonspirit.org,Internal Medicine,"Denver, CO, USA"
HCA HealthONE Denver Internal Medicine,healthonephysiciangroup.com,Internal Medicine,"Denver, CO, USA"
UCHealth Internal Medicine - Anschutz Outpatient Pavilion,uchealth.org,Internal Medicine,"Denver, CO, USA"
Destiny Internal Medicine,destinyimpc.com,Internal Medicine,"Denver, CO, USA"
Rocky Mountain Internal Medicine,rmimpc.com,Internal Medicine,"Denver, CO, USA"
CU Medicine Internal Medicine - Cherry Creek,cumedicine.us,Internal Medicine,"Denver, CO, USA"
Wheat Ridge Internal Medicine,wheatridgeinternalmedicine.com,Internal Medicine,"Denver, CO, USA"
OnPoint Internal Medicine at Harvard Park,onpointinternalmedicine.com,Internal Medicine,"Denver, CO, USA"
Intermountain Health Denver Midtown Clinic,intermountainhealthcare.org,Internal Medicine,"Denver, CO, USA"
AdventHealth Medical Group Primary Care at Southmoor,adventhealth.com,Internal Medicine,"Denver, CO, USA"
Altitude Family & Internal Medicine,altitudemedicine.com,Internal Medicine,"Denver, CO, USA"
Aspenwood Internal Medicine,aspenwoodim.com,Internal Medicine,"Denver, CO, USA"
Geriatric & Family Medicine Associates,gfmacolorado.com,Internal Medicine,"Denver, CO, USA"
Arvada West Family Medicine,arvadawestfamilymedicine.org,Internal Medicine,"Denver, CO, USA"
Overlake Clinics Bellevue Internal Medicine Associates,overlakehospital.org,Internal Medicine,"Seattle, WA, USA"
Swedish First Hill Primary Care,swedish.org,Internal Medicine,"Seattle, WA, USA"
Wise Patient Internal Medicine,imwisepatient.com,Internal Medicine,"Seattle, WA, USA"
General Internal Medicine Center at UW Medical Center - Roosevelt,uwmedicine.org,Internal Medicine,"Seattle, WA, USA"
Deeds Health Internal Medicine,deedshealth.com,Internal Medicine,"Seattle, WA, USA"
Coho Medical Group,cohomedical.com,Internal Medicine,"Seattle, WA, USA"
Lake Washington Internal Medicine PLLC,lwimclinic.com,Internal Medicine,"Seattle, WA, USA"
Seattle Medical Associates,seattlemedicalassociates.com,Internal Medicine,"Seattle, WA, USA"
"Joseph I Lee, MD",mychart.overlakehospital.org,Internal Medicine,"Seattle, WA, USA"
General Internal Medicine at Virginia Mason,vmfh.org,Internal Medicine,"Seattle, WA, USA"
Elite Sports Performance Medicine- Kirkland,espmedicine.com,Internal Medicine,"Seattle, WA, USA"
Greenlake Primary Care,greenlakeprimarycare.com,Internal Medicine,"Seattle, WA, USA"
MedNorthwest,mednorthwest.com,Internal Medicine,"Seattle, WA, USA"
Trivas Family Medicine,trivasfamilymedicine.com,Internal Medicine,"Seattle, WA, USA"
Sound Medicine & Wellness,soundmedicineandwellness.com,Internal Medicine,"Seattle, WA, USA"
Broadway Concierge Medicine,broadwayconciergemedicine.com,Internal Medicine,"Seattle, WA, USA"
Mercer Island Community Family and Internal Medicine Clinic,mercerfamilymed.com,Internal Medicine,"Seattle, WA, USA"
SMG Brighton Internal Medicine,locations.steward.org,Internal Medicine,"Boston, MA, USA"
Internal Medicine at Boston Medical Center,bmc.org,Internal Medicine,"Boston, MA, USA"
Massachusetts General Hospital,massgeneral.org,Internal Medicine,"Boston, MA, USA"
Holtzman Medical Group,holtzmanmedical.org,Internal Medicine,"Boston, MA, USA"
Tufts Medical Center Primary Care – Boston,tuftsmedicine.org,Internal Medicine,"Boston, MA, USA"
617 PRIMARY CARE,617primarycare.com,Internal Medicine,"Boston, MA, USA"
Greater Boston Internal Medicine,findadoc.bidmc.org,Internal Medicine,"Boston, MA, USA"
"Pranav Oza, MD PhD | Boston Specialists",bostonspecialists.org,Internal Medicine,"Boston, MA, USA"
Mass General Brigham (Medford,massgeneralbrigham.org,Internal Medicine,"Boston, MA, USA"
Internal Medicine @ DMA,atriushealth.org,Internal Medicine,"Boston, MA, USA"
Revere Medical - Watertown Internal Medicine,reveremedical.com,Internal Medicine,"Boston, MA, USA"
"Gene Del Rosario, MD",mountauburnhospital.org,Internal Medicine,"Boston, MA, USA"
"Rosalind Rabin, MD",providers.steward.org,Internal Medicine,"Boston, MA, USA"
LUTANEN HEALTH,lutanen.com,Internal Medicine,"Boston, MA, USA"
"Dr. Myron Siu, MD",tuftsmedicalcenter.org,Internal Medicine,"Boston, MA, USA"
"Dr. Howard H. Liu, MD",doctorliu.org,Internal Medicine,"Boston, MA, USA"
Beth Israel Deaconess HealthCare-Chelsea,bidmc.org,Internal Medicine,"Boston, MA, USA"
Internal Medicine at South Boston Community Health Center,sbchc.org,Internal Medicine,"Boston, MA, USA"
Jay Luthar MD,jaylutharmd.com,Internal Medicine,"Boston, MA, USA"
Tampa Internal Med,tampainternalmed.org,Internal Medicine,"Tampa, FL, USA"
Internal Medicine & Pediatrics of Tampa Bay,mytampadoc.com,Internal Medicine,"Tampa, FL, USA"
PrimeCare Internal Medicine,primecareclinics.com,Internal Medicine,"Tampa, FL, USA"
"Sam Diasti, MD",mypinnaclehg.com,Internal Medicine,"Tampa, FL, USA"
HealthPoint Internal Medicine Westchase,healthpointmedicalgroup.com,Internal Medicine,"Tampa, FL, USA"
"Nicole A. Lang, DO",baycare.org,Internal Medicine,"Tampa, FL, USA"
My Doctor Medical Group,mydoctortampa.com,Internal Medicine,"Tampa, FL, USA"
internal medicine Center,internalmedcenter.com,Internal Medicine,"Tampa, FL, USA"
Griffin Concierge Medical,griffinconciergemedical.com,Internal Medicine,"Tampa, FL, USA"
Margaret Theodore MD Internal Medicine,mtheodoremd.com,Internal Medicine,"Tampa, FL, USA"
Bayshore Concierge Medicine- AnswersMD,bayshoremedicine.com,Internal Medicine,"Tampa, FL, USA"
Accord Medical Group PLLC,accordmedicalgroup.com,Internal Medicine,"Tampa, FL, USA"
Tampa Internal Medicine,tampacommunityhospital.com,Internal Medicine,"Tampa, FL, USA"
Community Medical Group of West Hillsborough,communitymedicalgroup.com,Internal Medicine,"Tampa, FL, USA"
DocMJ,docmj.com,Internal Medicine,"Tampa, FL, USA"
Tampa Internal Medicine Associates,tampainternalmedicine.com,Internal Medicine,"Tampa, FL, USA"
"Dr. Wilsania Rodriguez Mendez, MD",es.accordmedicalgroup.com,Internal Medicine,"Tampa, FL, USA"
Tampa Bay Concierge Doctor,tampabayconciergedoctor.com,Internal Medicine,"Tampa, FL, USA"
Nodal Medical Center,nodalmedicalcenter.com,Internal Medicine,"Tampa, FL, USA"
Lajas Medical Group,lajasmedical.com,Internal Medicine,"Tampa, FL, USA"
MedFlorida Medical Centers-Tampa Hillsborough,medflorida.com,Internal Medicine,"Tampa, FL, USA"
"Dakshina Walgampaya, MD",getcare.tgh.org,Internal Medicine,"Tampa, FL, USA"
Internal Healthcare Group,internalhealthcare.com,Internal Medicine,"Tampa, FL, USA"
Florida Medical Clinic Orlando Health,floridamedicalclinic.com,Internal Medicine,"Tampa, FL, USA"
O'Neal Henry J MD- Sigma Medical,sigmamedical.md,Internal Medicine,"Tampa, FL, USA"
Matthews Internal Medicine,matthewsmd.com,Internal Medicine,"Charlotte, NC, USA"
Novant Health University City Internal Medicine,novanthealth.org,Internal Medicine,"Charlotte, NC, USA"
Atrium Health Primary Care Randolph Internal Medicine,atriumhealth.org,Internal Medicine,"Charlotte, NC, USA"
Metrolina Internal Medicine,mimpa.com,Internal Medicine,"Charlotte, NC, USA"
Tryon Medical Partners - Uptown,tryonmed.com,Internal Medicine,"Charlotte, NC, USA"
Knight Internal Medicine,knightinternalmedicine.com,Internal Medicine,"Charlotte, NC, USA"
PrimeCare Medical Center,primecaremed.org,Internal Medicine,"Charlotte, NC, USA"
Central Pediatrics Internal Medicine,gracemedicalclinics.com,Internal Medicine,"Charlotte, NC, USA"
Signature Healthcare,signaturehealthcare.org,Internal Medicine,"Charlotte, NC, USA"
Amity Medical Group,amitymed.org,Internal Medicine,"Charlotte, NC, USA"
Centennial Internal Medicine,tristarmedgroup.com,Internal Medicine,"Nashville, TN, USA"
Vanderbilt Internal Medicine Clinics,vanderbilthealth.com,Internal Medicine,"Nashville, TN, USA"
"Vanderbilt's Medical Center East, Internal Medicine",vicc.org,Internal Medicine,"Nashville, TN, USA"
Hermitage Primary Care - A Division of Summit Medical Group,summitmedical.com,Internal Medicine,"Nashville, TN, USA"
"David Heusinkveld, MD: MidState Internal Medicine",midstateinternalmedicine.com,Internal Medicine,"Nashville, TN, USA"
"Rosalena Muckle, MD",nashvillehealthcarecenter.com,Internal Medicine,"Nashville, TN, USA"
Chosen Family Medicine,chosenfamilymedicine.com,Internal Medicine,"Nashville, TN, USA"
7 IU Health Physicians Internal Medicine,iuhealth.org,Internal Medicine,"Indianapolis, IN, USA"
Broad Ripple Internal Medicine,provider.stvincent.org,Internal Medicine,"Indianapolis, IN, USA"
Diabetes Internal Medical And Endocrn,fad.ecommunity.com,Internal Medicine,"Indianapolis, IN, USA"
Healthplex Internal Medicine,indianapolishealthplex.com,Internal Medicine,"Indianapolis, IN, USA"
Franciscan Physician Network Beech Grove Internal Medicine,directory.franciscanhealth.org,Internal Medicine,"Indianapolis, IN, USA"
CenterWell Senior Primary Care,centerwellprimarycare.com,Internal Medicine,"Indianapolis, IN, USA"
"Beech Grove Internal Medicine: Smith, Claudet C., MD",franciscanhealth.org,Internal Medicine,"Indianapolis, IN, USA"
Better Life Direct Primary Care,betterlifedpc.com,Internal Medicine,"Indianapolis, IN, USA"
Oak Street Health University Heights Primary Care Clinic,oakstreethealth.com,Internal Medicine,"Indianapolis, IN, USA"
Dr. Christen Prible,indyhealthnet.org,Internal Medicine,"Indianapolis, IN, USA"
Indiana University,medicine.iu.edu,Internal Medicine,"Indianapolis, IN, USA"
"Ideal Health Clinic: Schani Manungo, NP-C",idealhealthclinic.com,Internal Medicine,"Indianapolis, IN, USA"
Columbus Internal Medicine - Central Ohio Primary Care,copcp.com,Internal Medicine,"Columbus, OH, USA"
Ohio State Primary Care - General Internal Medicine Outpatient Care Upper Arlington,wexnermedical.osu.edu,Internal Medicine,"Columbus, OH, USA"
Knightsbridge Internal Medicine,knightsbridgedocs.com,Internal Medicine,"Columbus, OH, USA"
"Mark Ricaurte, MD",mountcarmelhealth.com,Internal Medicine,"Columbus, OH, USA"
Osu-University Hospital Internal Medicine,internalmedicine.osu.edu,Internal Medicine,"Columbus, OH, USA"
OSU Internal Medicine,medicine.osu.edu,Internal Medicine,"Columbus, OH, USA"
OhioHealth Physician Group Primary Care,ohiohealth.com,Internal Medicine,"Columbus, OH, USA"
