Practice Name,Official Website,Clean Domain,Healthcare Vertical,Weave Location UUID,Notification Email,Timezone / Region,Weave Verified Evidence,Verification Status,Date Verified
Smile Solutions Dental Group - Hialeah Gardens,https://smilesolutionsdg.com,smilesolutionsdg.com,Dental,c3ecdbb7-496c-410d-a8d4-3026a7cab959,office@smilesolutionsdg.com,US/Eastern,"r-size-sm"" href=""https://book2.getweave.com/653a7658-009b-4d52-bc5e-",Verified (Live Weave Integration),2026-09-08 11:19:34
Anchor Medical,https://anchormedicalwv.com,anchormedicalwv.com,Wellness,31756ead-924c-4f17-9ede-7602bf1b2608,staff@anchormedicalwv.com,US/Eastern,"R_CTA_BTN"" href=""https://book.getweave.com/31756ead-924c-4f17-9ede-",Verified (Live Weave Integration),2026-09-08 11:19:35
Comprehensive Pediatric Care - Sunnyvale,https://dallaspeds.com,dallaspeds.com,Wellness,7c55d06a-fabb-4f82-b2c8-8d2c08da2022,manager@dallaspeds.com,US/Central,itle&quot;:&quot;https://book.getweave.com/545a71d4-b9ac-4fd6-915d-,Verified (Live Weave Integration),2026-09-08 11:19:36
NOYCE FAMILY EYE CARE,https://noycefamilyeyecare.com,noycefamilyeyecare.com,Optometry,64a8e25d-2bf6-4e7a-8204-e234a3843a72,clara@noycefamilyeyecare.com,US/Central,Official Weave API Account | Active: True | Location: 64a8e25d-2bf6-4e7a-8204-e234a3843a72,Verified (Active Weave Account),2026-09-08 11:19:36
North Shore Advanced Eye Care,https://nsaec.com,nsaec.com,Optometry,f86ed845-3417-40b7-a2ce-3ffe53d05b59,billing@nsaec.com,US/Eastern,"t=""_blank"" href=""https://book2.getweave.com/f86ed845-3417-40b7-a2ce-",Verified (Live Weave Integration),2026-09-08 11:19:36
"DR. MELISSA BOWLER, DDS",https://bowlerdds.com,bowlerdds.com,Dental,1dfe6944-5985-48c5-a73d-51bdf5647d1f,smile@bowlerdds.com,US/Central,Official Weave API Account | Active: True | Location: 1dfe6944-5985-48c5-a73d-51bdf5647d1f,Verified (Active Weave Account),2026-09-08 11:19:36
Turkey Creek Animal Hospital,https://puppinvets.com,puppinvets.com,Vet,feeba6c0-de0f-4b25-a8d3-0aaec3a12d76,taryn@puppinvets.com,US/Eastern,Official Weave API Account | Active: True | Location: feeba6c0-de0f-4b25-a8d3-0aaec3a12d76,Verified (Active Weave Account),2026-09-08 11:19:36
Lexington Family Dental,https://lexfamilydental.com,lexfamilydental.com,Dental,fef471f4-31f2-4175-ac98-45f449f2a380,office@lexfamilydental.com,US/Eastern,"cript defer src=""https://book.getweave.com/text-connect/fef471f4-31",Verified (Live Weave Integration),2026-09-08 11:19:36
TruVision Eye Care Dr. Tiffany Kim,https://truvisioneyecare.com,truvisioneyecare.com,Optometry,5b7c0252-665c-4566-8745-e2a9e798c701,j.gillan@truvisioneyecare.com,US/Pacific,"cript defer src=""https://book.getweave.com/text-connect/5b7c0252-66",Verified (Live Weave Integration),2026-09-08 11:19:36
OC Dental Center,https://ocdentalcenter.com,ocdentalcenter.com,Dental,d57be621-809e-407f-b904-eaac49ed5d27,frontdesk@ocdentalcenter.com,US/Pacific,Official Weave API Account | Active: False | Location: d57be621-809e-407f-b904-eaac49ed5d27,Verified (Active Weave Account),2026-09-08 11:19:37
Kannapolis Family Dentistry,https://kannapolisfamilydentistry.com,kannapolisfamilydentistry.com,Dental,a4b2c620-1e76-4361-9c59-46edadd5aa41,info@kannapolisfamilydentistry.com,US/Eastern,Official Weave API Account | Active: True | Location: a4b2c620-1e76-4361-9c59-46edadd5aa41,Verified (Active Weave Account),2026-09-08 11:19:37
BSZ Medical PA,https://bszmedical.org,bszmedical.org,Wellness,debf314c-d1bb-4fc9-a211-1080d2ace72b,adriana.williams@bszmedical.org,US/Central,"dv-icon-1"" href=""https://book.getweave.com/debf314c-d1bb-4fc9-a211-",Verified (Live Weave Integration),2026-09-08 11:19:37
Optical Masters - Monaco,https://opticalmasters.com,opticalmasters.com,Optometry,b28e361f-8493-4905-b7fb-20e8795ccf2b,book@opticalmasters.com,US/Mountain,"/strong><a href=""https://book.getweave.com/b28e361f-8493-4905-b7fb-",Verified (Live Weave Integration),2026-09-08 11:19:37
EVERGREEN EYE CARE,https://evergreeneyecare.com,evergreeneyecare.com,Optometry,751b211b-b788-407c-9de6-4b65a867f63d,drz@evergreeneyecare.com,US/Pacific,"cript defer src=""https://book.getweave.com/text-connect/751b211b-b7",Verified (Live Weave Integration),2026-09-08 11:19:38
Infinity Health and Wellness,https://infinitytucson.com,infinitytucson.com,Wellness,d86526fa-d60e-4e43-97ca-394b1cb593bc,anthony@infinitytucson.com,US/Arizona,"<a href=""https://book.getweave.com/d86526fa-d60e-4e43-97ca-",Verified (Live Weave Integration),2026-09-08 11:19:38
Lotus Vision,https://lotusvision.com,lotusvision.com,Wellness,7b8e30cb-8850-4b0d-9faf-87d1b6e3d9c6,paula@lotusvision.com,US/Eastern,Official Weave API Account | Active: False | Location: 7b8e30cb-8850-4b0d-9faf-87d1b6e3d9c6,Verified (Active Weave Account),2026-09-08 11:19:38
Dental Smiles 4 Kids - Whitestone,https://dentalsmiles4kids.com,dentalsmiles4kids.com,Dental,880cd496-d3da-4bdf-9896-10cdb5a25dd9,frontdeskw@dentalsmiles4kids.com,US/Eastern,"e=""Astoria"" src=""https://book.getweave.com/a72b3e75-83ee-4e26-87df-",Verified (Live Weave Integration),2026-09-08 11:19:38
Bayou City Dermatology - River Oaks,https://bayoucityderm.com,bayoucityderm.com,Wellness,b39a28a2-02c6-46c7-a4cf-9852500e5d16,cgardner@bayoucityderm.com,US/Mountain,"cript defer src=""https://book.getweave.com/text-connect/b39a28a2-02",Verified (Live Weave Integration),2026-09-08 11:19:38
Moore Dental,https://mindymooredental.com,mindymooredental.com,Dental,962fe71a-e51b-481c-8610-36b84ec3359b,andi@mindymooredental.com,US/Central,Official Weave API Account | Active: False | Location: 962fe71a-e51b-481c-8610-36b84ec3359b,Verified (Active Weave Account),2026-09-08 11:19:38
RxSmile,https://rxsmile.com,rxsmile.com,Dental,d646a5f7-a28c-4f87-9a10-7b1f57838ad7,frontdesk@rxsmile.com,US/Central,"or-danger"" href=""https://book2.getweave.com/d646a5f7-a28c-4f87-9a10-",Verified (Live Weave Integration),2026-09-08 11:19:38
Greenlake Kids Dentistry,https://gkdseattle.com,gkdseattle.com,Dental,b26e675b-686a-4a84-b269-5de7d7eee782,business@gkdseattle.com,US/Pacific,Official Weave API Account | Active: True | Location: b26e675b-686a-4a84-b269-5de7d7eee782,Verified (Active Weave Account),2026-09-08 11:19:39
"Rex Mouton-Barrett, MD - A (Satellite)",https://moulton-barrett.com,moulton-barrett.com,Wellness,ac63390d-14da-4406-89f3-89cc521636c3,admin@moulton-barrett.com,US/Pacific,"cript defer src=""https://book.getweave.com/text-connect/ac63390d-14",Verified (Live Weave Integration),2026-09-08 11:19:39
Singer Dental,https://yahoo.ca,yahoo.ca,Dental,ddc9c652-dbaa-43a6-ac1a-09b06d0df5f3,singermarshall@yahoo.ca,US/Eastern,Official Weave API Account | Active: True | Location: ddc9c652-dbaa-43a6-ac1a-09b06d0df5f3,Verified (Active Weave Account),2026-09-08 11:19:39
Cotton Creek Dental,https://cottoncreekdental.com,cottoncreekdental.com,Dental,58b8f3cf-caa3-4948-8b12-b01528d87019,smile@cottoncreekdental.com,US/Mountain,Official Weave API Account | Active: True | Location: 58b8f3cf-caa3-4948-8b12-b01528d87019,Verified (Active Weave Account),2026-09-08 11:19:39
Perry Woo DDS,https://raopticians.com,raopticians.com,Dental,77a8d0d4-496b-46fb-bd03-e203928ff193,care@raopticians.com,US/Pacific,ref&quot;: &quot;https://book2.getweave.com/83ae928b-da23-463c-af05-,Verified (Live Weave Integration),2026-09-08 11:19:40
TV033 Lake Havasu Family Eyecare,https://lakehavasufamilyeyecare.com,lakehavasufamilyeyecare.com,Optometry,5ea822af-7f17-43cb-96dc-b447f3fdf090,lhfe@lakehavasufamilyeyecare.com,US/Arizona,Official Weave API Account | Active: True | Location: 5ea822af-7f17-43cb-96dc-b447f3fdf090,Verified (Active Weave Account),2026-09-08 11:19:40
Dental Smiles 4 Kids - Ronkonkoma,https://dentalsmiles4kids.com,dentalsmiles4kids.com,Dental,6e63c39e-2d57-420d-b283-de8cdef177e0,frontdeskr@dentalsmiles4kids.com,US/Eastern,"e=""Astoria"" src=""https://book.getweave.com/a72b3e75-83ee-4e26-87df-",Verified (Live Weave Integration),2026-09-08 11:19:40
Harvard Square Eye Care,https://hseyecare.com,hseyecare.com,Optometry,325522d7-18f8-43f3-a530-b5fa29ba2ebb,ashlee@hseyecare.com,US/Eastern,"s=""button"" href=""https://book2.getweave.com/325522d7-18f8-43f3-a530-",Verified (Live Weave Integration),2026-09-08 11:19:40
Sunrise Dental Everett,https://sunrisedental.com,sunrisedental.com,Dental,ef699867-0675-476a-9c1a-25dccdb4dfc7,everett@sunrisedental.com,US/Pacific,Official Weave API Account | Active: True | Location: ef699867-0675-476a-9c1a-25dccdb4dfc7,Verified (Active Weave Account),2026-09-08 11:19:40
East Coast Dental Design | Mary Ann Garcia DDS,https://ecdentaldesign.com,ecdentaldesign.com,Dental,11276602-6519-4c6d-a8d9-d3fa654be178,info@ecdentaldesign.com,US/Eastern,"cript defer src=""https://book.getweave.com/text-connect/11276602-65",Verified (Live Weave Integration),2026-09-08 11:19:41
COMPREHENSIVE DERMATOLOGY CENTER OF PASADENA,https://compdermcenter.com,compdermcenter.com,Wellness,bec82696-852a-4e5c-82e7-6f121099d894,marina@compdermcenter.com,US/Pacific,"m-4525""><a href=""https://book2.getweave.com/bec82696-852a-4e5c-82e7-",Verified (Live Weave Integration),2026-09-08 11:19:41
Lake Minnetonka Pet Wellness Center,https://westonka.vet,westonka.vet,Vet,4081a21f-464a-4293-86f4-b34de1292c2b,allina@westonka.vet,US/Central,Official Weave API Account | Active: True | Location: 4081a21f-464a-4293-86f4-b34de1292c2b,Verified (Active Weave Account),2026-09-08 11:19:41
Blue Ridge - MTKA - Minnetonka,https://blueridgedental.com,blueridgedental.com,Dental,2c1c1b84-a59b-4660-a852-2e8b53fc9151,mtka@blueridgedental.com,US/Central,Official Weave API Account | Active: False | Location: 2c1c1b84-a59b-4660-a852-2e8b53fc9151,Verified (Active Weave Account),2026-09-08 11:19:41
Blue Valley Vision on 151st,https://bluevalleyvision.com,bluevalleyvision.com,Optometry,17933bf8-39c5-41d9-b5c5-0539485c85fe,admin@bluevalleyvision.com,US/Central,Official Weave API Account | Active: True | Location: 17933bf8-39c5-41d9-b5c5-0539485c85fe,Verified (Active Weave Account),2026-09-08 11:19:41
Modern Optometry,https://modern-optometry.com,modern-optometry.com,Optometry,2703c20c-fd1b-4f3a-a7f4-f25275482905,seeyou@modern-optometry.com,US/Eastern,"cript defer src=""https://book.getweave.com/text-connect/2703c20c-fd",Verified (Live Weave Integration),2026-09-08 11:19:41
Bayview Vision,https://bayviewvision.com,bayviewvision.com,Optometry,9e6535e9-d32c-48d0-bd7d-1a9e0e89f97a,info@bayviewvision.com,US/Eastern,ref&quot;: &quot;https://book2.getweave.com/9e6535e9-d32c-48d0-bd7d-,Verified (Live Weave Integration),2026-09-08 11:19:42
Northgate Smiles,https://northgatesmiles.com,northgatesmiles.com,Dental,ad90ac3f-8ec9-43e8-a7f6-47f06fda06d1,info@northgatesmiles.com,US/Pacific,Official Weave API Account | Active: True | Location: ad90ac3f-8ec9-43e8-a7f6-47f06fda06d1,Verified (Active Weave Account),2026-09-08 11:19:42
North Dallas Dentistry,https://komoroskiortho.com,komoroskiortho.com,Dental,c5d475f2-6b9b-43e4-9264-65bde88fd85e,finance@komoroskiortho.com,US/Central,Official Weave API Account | Active: True | Location: c5d475f2-6b9b-43e4-9264-65bde88fd85e,Verified (Active Weave Account),2026-09-08 11:19:42
Lifetime Eyecare Associates - Dr. Jeremy Burns,https://lifetimeeye.biz,lifetimeeye.biz,Optometry,2bede8b6-39a8-4234-be29-b8036ab3a698,drburns@lifetimeeye.biz,US/Eastern,Official Weave API Account | Active: False | Location: 2bede8b6-39a8-4234-be29-b8036ab3a698,Verified (Active Weave Account),2026-09-08 11:19:42
Battleground Eye Care,https://battlegroundeye.com,battlegroundeye.com,Optometry,96b76af7-be51-489d-af57-0905d377cf57,info@battlegroundeye.com,US/Eastern,"d-href=""#"" href=""https://book2.getweave.com/96b76af7-be51-489d-af57-",Verified (Live Weave Integration),2026-09-08 11:19:42
Blue Sage Dental,https://susankutisdds.com,susankutisdds.com,Dental,686e7c95-e917-4370-9029-926aaf0fbc15,info@susankutisdds.com,US/Mountain,Official Weave API Account | Active: True | Location: 686e7c95-e917-4370-9029-926aaf0fbc15,Verified (Active Weave Account),2026-09-08 11:19:42
VV Orthodontics,https://vkorthodontics.com,vkorthodontics.com,Dental,cbd4e004-3501-437e-b0c5-f1bf3584879f,info@vkorthodontics.com,US/Central,"ransition"" href=""https://book2.getweave.com/bf641732-bac5-4e39-8bfe-",Verified (Live Weave Integration),2026-09-08 11:19:42
PARENT - Progress Weight Management,https://northwestaudiology.com,northwestaudiology.com,Wellness,1e3d3f48-5271-4c18-b6e9-077a30a53a45,kindra@northwestaudiology.com,US/Central,Official Weave API Account | Active: False | Location: 1e3d3f48-5271-4c18-b6e9-077a30a53a45,Verified (Active Weave Account),2026-09-08 11:19:42
Brandywine Valley Veterinary,https://brandywinevalleyvet.com,brandywinevalleyvet.com,Vet,1850d52a-c29a-4267-8dba-6f3cc8bfca69,mstedman@brandywinevalleyvet.com,US/Eastern,Official Weave API Account | Active: False | Location: 1850d52a-c29a-4267-8dba-6f3cc8bfca69,Verified (Active Weave Account),2026-09-08 11:19:42
Making Awesome Smiles - Parent,https://makingawesomesmiles.com,makingawesomesmiles.com,Dental,1ea9c0b7-0398-42e4-8394-5e29a3b72ee9,admin@makingawesomesmiles.com,US/Eastern,"r-size-sm"" href=""https://book2.getweave.com/1ea9c0b7-0398-42e4-8394-",Verified (Live Weave Integration),2026-09-08 11:19:42
Oregon Eye & Vision Center,https://oregoneyeandvision.com,oregoneyeandvision.com,Optometry,6baaca56-199a-490a-95f7-ee0ded74eeff,allison@oregoneyeandvision.com,US/Pacific,"cript defer src=""https://book.getweave.com/text-connect/6baaca56-19",Verified (Live Weave Integration),2026-09-08 11:19:43
Raintree Medical + Chiropractic Center,https://raintreechiro.com,raintreechiro.com,Wellness,17c230e4-3d10-4365-b76a-7326db4bcb85,info@raintreechiro.com,US/Central,"cript defer src=""https://book.getweave.com/text-connect/17c230e4-3d",Verified (Live Weave Integration),2026-09-08 11:19:43
My LA Braces,https://mylabraces.com,mylabraces.com,Dental,8f1b12d1-d84f-45fb-9b8f-4eb64af4344a,drparsa@mylabraces.com,US/Pacific,"cript defer src=""https://book.getweave.com/text-connect/8f1b12d1-d8",Verified (Live Weave Integration),2026-09-08 11:19:43
Optique - Franklin,https://optiquefranklin.com,optiquefranklin.com,Optometry,f1b3d7b8-4590-4254-8acb-c2e9263e426e,optique@optiquefranklin.com,US/Central,"""1""> 			<a href=""https://book2.getweave.com/f1b3d7b8-4590-4254-8acb-",Verified (Live Weave Integration),2026-09-08 11:19:43
Eyecare of Union Square,https://eyecareofunionsquare.com,eyecareofunionsquare.com,Optometry,1a305248-d25f-4d14-853b-047c540f1cb8,drm@eyecareofunionsquare.com,US/Mountain,Official Weave API Account | Active: True | Location: 1a305248-d25f-4d14-853b-047c540f1cb8,Verified (Active Weave Account),2026-09-08 11:19:44
Gies Family Dental,https://giesfamilydental.com,giesfamilydental.com,Dental,189ab315-ea29-4bfe-b505-ade739aefdc7,frontdesk@giesfamilydental.com,US/Central,Weave Location UUID 189ab315-ea29-4bfe-b505-ade739aefdc7 matched on homepage,Verified (Live Weave Integration),2026-09-08 11:19:44
Optic Gallery–Stephanie Street,https://opticgallerygv.com,opticgallerygv.com,Optometry,ba8c1914-c5cc-4f4a-9d40-6358b9bf1bed,info@opticgallerygv.com,US/Pacific,"yout_dark"" href=""https://book2.getweave.com/e0d3e039-bc31-4f4b-bc54-",Verified (Live Weave Integration),2026-09-08 11:19:44
Aesthetic Dental Spa,https://aestheticdentalspa.net,aestheticdentalspa.net,Dental,c1f6ee86-3688-43ce-90eb-3c20729be44f,drnaini@aestheticdentalspa.net,US/Eastern,Official Weave API Account | Active: False | Location: c1f6ee86-3688-43ce-90eb-3c20729be44f,Verified (Active Weave Account),2026-09-08 11:19:44
TKATCH DENTISTRY,https://tkatchdentistry.com,tkatchdentistry.com,Dental,9b5c63a9-ea97-4b92-87d1-eb076df412de,officemanager@tkatchdentistry.com,US/Eastern,Official Weave API Account | Active: False | Location: 9b5c63a9-ea97-4b92-87d1-eb076df412de,Verified (Active Weave Account),2026-09-08 11:19:44
Silver Strand Optometry,https://silverstrandoptometry.com,silverstrandoptometry.com,Optometry,8d7402ed-d1a3-4364-ba23-1c8a20a228c8,info@silverstrandoptometry.com,US/Pacific,ref&quot;: &quot;https://book2.getweave.com/8d7402ed-d1a3-4364-ba23-,Verified (Live Weave Integration),2026-09-08 11:19:44
Sheridan Eyecare Clinic,https://sheridaneyecareclinic.com,sheridaneyecareclinic.com,Optometry,00a118ca-36a5-40f9-b6c1-e142469b3eab,omsheridan@sheridaneyecareclinic.com,US/Central,"<a href=""https://book2.getweave.com/00a118ca-36a5-40f9-b6c1-",Verified (Live Weave Integration),2026-09-08 11:19:44
Terrific Teeth Pediatric Dentistry,https://terrificteethpd.com,terrificteethpd.com,Dental,9c6214a9-5a3b-4f5d-9b83-4884f3d30799,info@terrificteethpd.com,US/Eastern,"nkElement"" href=""https://book.getweave.com/9c6214a9-5a3b-4f5d-9b83-",Verified (Live Weave Integration),2026-09-08 11:19:44
Eye Health Consultants,https://eyehealthconsultants.com,eyehealthconsultants.com,Optometry,5ed53b99-5af6-4861-ba50-416551edc70f,see2020@eyehealthconsultants.com,US/Central,"ex-middle"" href=""https://book2.getweave.com/5ed53b99-5af6-4861-ba50-",Verified (Live Weave Integration),2026-09-08 11:19:44
Synergy Health,https://synergynaples.com,synergynaples.com,Wellness,d4588bdc-9bdb-4fd3-b65e-4dcda412d88d,justin@synergynaples.com,US/Eastern,Official Weave API Account | Active: False | Location: d4588bdc-9bdb-4fd3-b65e-4dcda412d88d,Verified (Active Weave Account),2026-09-08 11:19:44
Dental Care Now,https://dentalcarenow.com,dentalcarenow.com,Dental,062ae5f0-d5db-47c0-b92a-78949686fc5c,info@dentalcarenow.com,US/Mountain,"/li><li><a href=""https://book2.getweave.com/062ae5f0-d5db-47c0-b92a-",Verified (Live Weave Integration),2026-09-08 11:19:44
Garrett Orthodontists,https://garrettbraces.com,garrettbraces.com,Dental,d6c62d74-c786-44ae-a09c-9b70e54875ae,frontdesk@garrettbraces.com,US/Eastern,"cript defer src=""https://book.getweave.com/text-connect/d6c62d74-c7",Verified (Live Weave Integration),2026-09-08 11:19:45
"Danielle DeLuca-Pytell, MD",https://delucapytell.com,delucapytell.com,Wellness,4875c5a7-2630-4763-93dd-ff2e5d9e15f4,info@delucapytell.com,US/Eastern,"""wp-custom-css""> #iframe-weave-widget-button {     transition:",Verified (Live Weave Integration),2026-09-08 11:19:45
The Art of Dental Wellness,https://theartofdentalwellness.com,theartofdentalwellness.com,Dental,256afb19-d31a-4558-a556-fa7490072c3e,drhill@theartofdentalwellness.com,US/Pacific,"ay: block"" href=""https://book2.getweave.com/256afb19-d31a-4558-a556-",Verified (Live Weave Integration),2026-09-08 11:19:46
Pediatric Pulmonary Health & Asthma Care of El Paso,https://elppulmhealth.com,elppulmhealth.com,Wellness,fb5550f7-e090-4f61-8be2-89c27ea53aa6,info@elppulmhealth.com,US/Mountain,"pt defer="""" src=""https://book.getweave.com/text-connect/fb5550f7-e0",Verified (Live Weave Integration),2026-09-08 11:19:46
Bellevue Plastic Surgeons,https://bellevueplasticsurgeons.com,bellevueplasticsurgeons.com,Wellness,f374afd4-b8e9-4d6e-99c2-2e04ca498529,consult@bellevueplasticsurgeons.com,US/Pacific,ic/optimized/rev-8a7f9be/book.getweave.com/text-connect/f374afd4-b8,Verified (Live Weave Integration),2026-09-08 11:19:46
Sawyer Scott Eye Care Center - Sardis,https://thessecc.com,thessecc.com,Optometry,9a7f3f10-a071-42de-bade-46168263fd5a,sardis@thessecc.com,US/Central,Official Weave API Account | Active: True | Location: 9a7f3f10-a071-42de-bade-46168263fd5a,Verified (Active Weave Account),2026-09-08 11:19:46
Pine Animal Hospital & Integrative Wellness Center,https://pineanimalhospital.com,pineanimalhospital.com,Vet,2e247d60-9638-46ae-8731-7dbfe03f34da,admin@pineanimalhospital.com,US/Pacific,"r-size-sm"" href=""https://book.getweave.com/2e247d60-9638-46ae-8731-",Verified (Live Weave Integration),2026-09-08 11:19:46
Unicare Center for Cosmetic and Implant Dentistry,https://drnoie.com,drnoie.com,Dental,b5828767-21cb-427a-bad2-440522a79eb9,sherry@drnoie.com,US/Central,Official Weave API Account | Active: False | Location: b5828767-21cb-427a-bad2-440522a79eb9,Verified (Active Weave Account),2026-09-08 11:19:46
Wiregrass Smiles,https://yourwesleychapeldentist.com,yourwesleychapeldentist.com,Dental,a38237fd-fccb-4055-90dc-c3204e8358b6,info@yourwesleychapeldentist.com,US/Eastern,Official Weave API Account | Active: False | Location: a38237fd-fccb-4055-90dc-c3204e8358b6,Verified (Active Weave Account),2026-09-08 11:19:46
Frazer Dental Care,https://frazerdentalcare.com,frazerdentalcare.com,Dental,2357b2f1-ccb8-4db6-a911-1e3c6ac09b9d,frontdesk@frazerdentalcare.com,US/Eastern,"r""> 				<a href=""https://book2.getweave.com/2357b2f1-ccb8-4db6-a911-",Verified (Live Weave Integration),2026-09-08 11:19:46
East El Paso Dentist - John Hayes,https://letsgodental.com,letsgodental.com,Dental,324b55ac-b505-45fc-ab1c-1ac735d03c48,vincent@letsgodental.com,US/Mountain,Official Weave API Account | Active: True | Location: 324b55ac-b505-45fc-ab1c-1ac735d03c48,Verified (Active Weave Account),2026-09-08 11:19:47
Implant & Periodontal Clinic,https://implantclinic.com,implantclinic.com,Dental,bdfa1ce9-6578-4605-a958-5ac7732816b3,david@implantclinic.com,US/Pacific,"cript defer src=""https://book.getweave.com/schedule/bdfa1ce9-6578-4",Verified (Live Weave Integration),2026-09-08 11:19:47
The Oral Surgery Institute of the Carolinas (Greensboro),https://theoralsurgeryinstitute.com,theoralsurgeryinstitute.com,Dental,bd8af808-3b27-494e-aba0-325620e8237b,april@theoralsurgeryinstitute.com,US/Eastern,"cript defer src=""https://book.getweave.com/text-connect/bd8af808-3b",Verified (Live Weave Integration),2026-09-08 11:19:47
Cheat Lake Eye Care,https://cheatlakeeyecare.com,cheatlakeeyecare.com,Optometry,67199bb5-e5ae-4fc4-baf8-b7cd85b2e7bf,info@cheatlakeeyecare.com,US/Eastern,"cript defer src=""https://book.getweave.com/text-connect/67199bb5-e5",Verified (Live Weave Integration),2026-09-08 11:19:47
Nurture Smiles & Wellness,https://nurturesmile.com,nurturesmile.com,Dental,cebfd4a3-ff9a-4cae-b5f2-562462a1ab1a,info@nurturesmile.com,US/Arizona,"r-size-sm"" href=""https://book2.getweave.com/cebfd4a3-ff9a-4cae-b5f2-",Verified (Live Weave Integration),2026-09-08 11:19:47
Costa Dentistry,https://costasmiles.com,costasmiles.com,Dental,88a867ee-6b9d-4ba7-8fe1-9d42d21a8cf0,s.knackfgedt@costasmiles.com,US/Eastern,Official Weave API Account | Active: True | Location: 88a867ee-6b9d-4ba7-8fe1-9d42d21a8cf0,Verified (Active Weave Account),2026-09-08 11:19:47
"Jefferson Dental Center, Inc",https://jeffersondentalcenter.com,jeffersondentalcenter.com,Dental,c6a42d06-906b-4c48-bcc3-012f22458ea3,mont@jeffersondentalcenter.com,US/Eastern,"cript defer src=""https://book.getweave.com/text-connect/c6a42d06-90",Verified (Live Weave Integration),2026-09-08 11:19:47
Flax Dental,https://flaxdental.com,flaxdental.com,Dental,8d6f5824-cd90-474c-9d3a-b0c6b11de015,molly@flaxdental.com,US/Eastern,Official Weave API Account | Active: True | Location: 8d6f5824-cd90-474c-9d3a-b0c6b11de015,Verified (Active Weave Account),2026-09-08 11:19:47
Radiant Eye Care,https://radianteyecare.com,radianteyecare.com,Optometry,705aa754-49c1-41b3-a11c-2753240929f1,kyle@radianteyecare.com,US/Central,"cript defer src=""https://book.getweave.com/text-connect/705aa754-49",Verified (Live Weave Integration),2026-09-08 11:19:47
D'Amico Dental Care,https://damicodentalcare.com,damicodentalcare.com,Dental,f0821fcd-94e5-45be-9f48-78b0d4584438,info@damicodentalcare.com,US/Eastern,Official Weave API Account | Active: True | Location: f0821fcd-94e5-45be-9f48-78b0d4584438,Verified (Active Weave Account),2026-09-08 11:19:48
Krzyzak Eyecare,https://krzyzakeyecare.com,krzyzakeyecare.com,Optometry,be688226-496e-405b-885c-fd3ccc19533b,mskod@krzyzakeyecare.com,US/Eastern,Official Weave API Account | Active: True | Location: be688226-496e-405b-885c-fd3ccc19533b,Verified (Active Weave Account),2026-09-08 11:19:48
Eye Gallery of Scarsdale,https://eyegalleryscarsdale.com,eyegalleryscarsdale.com,Optometry,21d28369-762c-4047-8c55-3cd7a8ecd0fa,info@eyegalleryscarsdale.com,US/Eastern,"_break""><a href=""https://book2.getweave.com/21d28369-762c-4047-8c55-",Verified (Live Weave Integration),2026-09-08 11:19:48
Spence Dental,https://spencedentistry.com,spencedentistry.com,Dental,1a1ef1ca-447c-44bf-a0b8-9ce596f9f1a9,info@spencedentistry.com,US/Eastern,Official Weave API Account | Active: True | Location: 1a1ef1ca-447c-44bf-a0b8-9ce596f9f1a9,Verified (Active Weave Account),2026-09-08 11:19:48
Vision Loft,https://thevisionloft.com,thevisionloft.com,Optometry,6758684c-3eb1-41eb-a15a-0e0c44d78041,path@thevisionloft.com,US/Eastern,Official Weave API Account | Active: True | Location: 6758684c-3eb1-41eb-a15a-0e0c44d78041,Verified (Active Weave Account),2026-09-08 11:19:49
Bob Koenitzer DDS,https://petalumasmiles.com,petalumasmiles.com,Dental,eec507cb-6224-4624-b397-3a2aae4b905a,frontoffice@petalumasmiles.com,US/Pacific,"cript defer src=""https://book.getweave.com/text-connect/eec507cb-62",Verified (Live Weave Integration),2026-09-08 11:19:49
Kopan Eyecare,https://kimekopaneyecare.com,kimekopaneyecare.com,Optometry,8c51790c-f64e-4f68-9dda-b8f9b71fabb6,info@kimekopaneyecare.com,US/Eastern,Official Weave API Account | Active: True | Location: 8c51790c-f64e-4f68-9dda-b8f9b71fabb6,Verified (Active Weave Account),2026-09-08 11:19:49
White32 Dental,https://white32dc.com,white32dc.com,Dental,93e96388-d16d-4814-9a0f-98dcb0b17f10,team@white32dc.com,US/Eastern,"33 </a> <a href=""https://book2.getweave.com/93e96388-d16d-4814-9a0f-",Verified (Live Weave Integration),2026-09-08 11:19:49
Lili Veterinary Hospital,https://lilivethospital.com,lilivethospital.com,Vet,64612d62-ae1d-4e93-a2a7-399909f1e53c,manager@lilivethospital.com,US/Central,Official Weave API Account | Active: True | Location: 64612d62-ae1d-4e93-a2a7-399909f1e53c,Verified (Active Weave Account),2026-09-08 11:19:49
Barker Dentistry and Implant Center,https://barkerdentistrytx.com,barkerdentistrytx.com,Dental,aad32edd-e07e-4940-ada7-a26588b07068,natalie@barkerdentistrytx.com,US/Central,Official Weave API Account | Active: False | Location: aad32edd-e07e-4940-ada7-a26588b07068,Verified (Active Weave Account),2026-09-08 11:19:49
Burns Orthodontics (Mt. Lebanon),https://burnsorthodontics.com,burnsorthodontics.com,Dental,8c6e59ad-2102-421d-8947-79f5d1faa3fc,contact@burnsorthodontics.com,US/Eastern,"r-size-lg"" href=""https://book.getweave.com/8c6e59ad-2102-421d-8947-",Verified (Live Weave Integration),2026-09-08 11:19:49
Countryman Dentistry,https://countrymandentistry.com,countrymandentistry.com,Dental,24a4c3cd-eac9-4114-ae63-c7dd3baaec94,admin@countrymandentistry.com,US/Central,ps://onlinebooking-v1.tl.getweave.com/#/location?businessId=82,Verified (Live Weave Integration),2026-09-08 11:19:49
Dehyar Dental,https://fairlakesdentist.com,fairlakesdentist.com,Dental,a880c272-460e-4245-aa99-691b70ad4e01,info@fairlakesdentist.com,US/Eastern,"cript defer src=""https://book.getweave.com/text-connect/a880c272-46",Verified (Live Weave Integration),2026-09-08 11:19:49
"MCDental Care, PLLC",https://mcdentalcare.com,mcdentalcare.com,Dental,6caa979c-6f1e-43da-9db0-1cd45acaa7ef,mcd@mcdentalcare.com,US/Eastern,"nt""> 			<a href=""https://book.getweave.com/6caa979c-6f1e-43da-9db0-",Verified (Live Weave Integration),2026-09-08 11:19:50
Essential Med Clinic,https://essentialmedclinic.com,essentialmedclinic.com,Wellness,efbfe07a-d11c-4bf0-a989-89683f0b2b45,fcobbinah@essentialmedclinic.com,US/Central,Official Weave API Account | Active: False | Location: efbfe07a-d11c-4bf0-a989-89683f0b2b45,Verified (Active Weave Account),2026-09-08 11:19:50
Happy Pets Veterinary,https://happypetsveterinary.com,happypetsveterinary.com,Vet,f1dc070b-2786-4ada-8963-b8792a36e169,john@happypetsveterinary.com,US/Pacific,"uro-ighdi"" href=""https://book.getweave.com/f1dc070b-2786-4ada-8963-",Verified (Live Weave Integration),2026-09-08 11:19:50
Family Care Dental,https://familycaredentalbirmingham.com,familycaredentalbirmingham.com,Dental,f11aac91-38c6-4de2-8399-d7ada4c0def3,gary.upton@familycaredentalbirmingham.com,US/Central,Official Weave API Account | Active: False | Location: f11aac91-38c6-4de2-8399-d7ada4c0def3,Verified (Active Weave Account),2026-09-08 11:19:50
Align Orthodontics,https://smilesbydrm.com,smilesbydrm.com,Dental,8c5a7473-0261-4aa3-b8bd-b48869c77fa8,info@smilesbydrm.com,US/Eastern,Weave Location UUID 8c5a7473-0261-4aa3-b8bd-b48869c77fa8 matched on homepage,Verified (Live Weave Integration),2026-09-08 11:19:50
Skylite Houseboat Management LLC.,https://skylitehbmanagement.com,skylitehbmanagement.com,Other,65fe329b-3cc1-45e9-9bca-ff0ea3323a3a,robert@skylitehbmanagement.com,US/Arizona,Official Weave API Account | Active: True | Location: 65fe329b-3cc1-45e9-9bca-ff0ea3323a3a,Verified (Active Weave Account),2026-09-08 11:19:50
Comprehensive Home Health Solutions,https://comprehensivehomehealthsolutions.com,comprehensivehomehealthsolutions.com,Other,5dcc2e31-42bf-4ddb-a8a4-0baf3c441cd5,carrieingerman@comprehensivehomehealthsolutions.com,US/Pacific,"cript defer src=""https://book.getweave.com/text-connect/5dcc2e31-42",Verified (Live Weave Integration),2026-09-08 11:19:50
The BIOS Orthopedic Institute,https://thebiosinstitute.com,thebiosinstitute.com,Wellness,ab7131af-98b5-4c7e-b732-0aaecfb821a5,smosqueda@thebiosinstitute.com,US/Pacific,"<a href=""https://book2.getweave.com/ab7131af-98b5-4c7e-b732-",Verified (Live Weave Integration),2026-09-08 11:19:50
Blackburn Orthodontics,https://blackburnorthodontics.co,blackburnorthodontics.co,Dental,f7df9f7e-b661-40b8-a36b-8f523d4bb1a7,jennifer@blackburnorthodontics.co,US/Central,"ance-link"" href=""https://book.getweave.com/f7df9f7e-b661-40b8-a36b-",Verified (Live Weave Integration),2026-09-08 11:19:50
Eye Care Center of Colorado Springs,https://eyecarecs.com,eyecarecs.com,Optometry,d9544f89-dc09-4af8-9310-8c9aab90bd29,info@eyecarecs.com,US/Mountain,Official Weave API Account | Active: True | Location: d9544f89-dc09-4af8-9310-8c9aab90bd29,Verified (Active Weave Account),2026-09-08 11:19:50
Mission Dental,https://missiondentaltn.com,missiondentaltn.com,Dental,a3457b14-feaf-46f5-9403-3ba72c5dfe9d,smile@missiondentaltn.com,US/Central,"r-size-sm"" href=""https://book2.getweave.com/a3457b14-feaf-46f5-9403-",Verified (Live Weave Integration),2026-09-08 11:19:50
Release Physical Therapy,https://releasept.com,releasept.com,Other,c731ab5e-0383-4bb9-9f50-87d2b7249e40,csimon@releasept.com,US/Eastern,"cript defer src=""https://book.getweave.com/text-connect/c731ab5e-03",Verified (Live Weave Integration),2026-09-08 11:19:50
Kings Row Pet Hospital,https://krphvets.com,krphvets.com,Vet,b5ac8599-1a21-4a80-83ac-b2dbb58b3e4e,info@krphvets.com,US/Pacific,"ole=""link"" href=""https://book2.getweave.com/b5ac8599-1a21-4a80-83ac-",Verified (Live Weave Integration),2026-09-08 11:19:51
Selinsgrove Veterinary Hospital,https://selinsgrovevethospital.com,selinsgrovevethospital.com,Vet,67a28a79-1278-40e7-86c6-ab2851e97040,info@selinsgrovevethospital.com,US/Eastern,"ive=""true"" href=""https://book2.getweave.com/67a28a79-1278-40e7-86c6-",Verified (Live Weave Integration),2026-09-08 11:19:51
Red Bank Smiles,https://redbanksmilesnj.com,redbanksmilesnj.com,Dental,7d646897-a389-490d-b274-67ca413afa41,hello@redbanksmilesnj.com,US/Eastern,Weave Location UUID 7d646897-a389-490d-b274-67ca413afa41 matched on homepage,Verified (Live Weave Integration),2026-09-08 11:19:51
Vue Optical,https://ilovevue.com,ilovevue.com,Optometry,5149b3d6-8fa9-4d08-9b7d-ed58715d408b,lookfabulous@ilovevue.com,US/Eastern,"cript defer src=""https://book.getweave.com/text-connect/5149b3d6-8f",Verified (Live Weave Integration),2026-09-08 11:19:51
Bayview Animal Hospital - Parent,https://bayviewah.net,bayviewah.net,Vet,f27afa98-2a70-403e-ab41-e2354e12847a,leksa@bayviewah.net,US/Mountain,Official Weave API Account | Active: True | Location: f27afa98-2a70-403e-ab41-e2354e12847a,Verified (Active Weave Account),2026-09-08 11:19:51
Celebrate Dental & Braces - Bernalillo,https://celebratedental.com,celebratedental.com,Dental,7ffb6564-25c0-4177-be94-6f0c0a206092,jose.zazueta@celebratedental.com,US/Mountain,Official Weave API Account | Active: True | Location: 7ffb6564-25c0-4177-be94-6f0c0a206092,Verified (Active Weave Account),2026-09-08 11:19:52
Premier Vision of Dallas,https://premiervisionofdallas.com,premiervisionofdallas.com,Optometry,b8a681a5-4a98-457a-97c2-adaf47f7e84e,drallen@premiervisionofdallas.com,US/Central,rget=_blank href=https://book2.getweave.com/b8a681a5-4a98-457a-97c2-,Verified (Live Weave Integration),2026-09-08 11:19:52
Ogden - Wasatch Physical Therapy,https://wasatchtherapy.com,wasatchtherapy.com,Wellness,3b908428-e081-472b-ad9e-b8317a9fda09,mail@wasatchtherapy.com,US/Mountain,Official Weave API Account | Active: True | Location: 3b908428-e081-472b-ad9e-b8317a9fda09,Verified (Active Weave Account),2026-09-08 11:19:52
Verve Orthodontics,https://verveortho.com,verveortho.com,Dental,de774897-eeb9-41ee-a25f-d3cf5b9d2008,info@verveortho.com,US/Mountain,"src=\""https:\u002F\u002Fbook.getweave.com\u002Ftext-connect\u002Fd",Verified (Live Weave Integration),2026-09-08 11:19:53
Priest Dental,https://priestdental.com,priestdental.com,Dental,8e6d970c-ea56-4357-98e5-79477568c3ea,frontdesk@priestdental.com,US/Eastern,"div></a><a href=""https://book2.getweave.com/8e6d970c-ea56-4357-98e5-",Verified (Live Weave Integration),2026-09-08 11:19:53
Fuquay Eye Care,https://fuquayeye.com,fuquayeye.com,Optometry,67a3e834-4097-43fc-a80f-f9c635a5996f,drpat@fuquayeye.com,US/Eastern,"le=""false"" href=""https://book2.getweave.com/67a3e834-4097-43fc-a80f-",Verified (Live Weave Integration),2026-09-08 11:19:53
Coastal Psychiatric Urgent Care,https://coastalpsych.org,coastalpsych.org,Wellness,410ea669-06a6-4734-8a59-afc8c62ff8a7,jkarle@coastalpsych.org,US/Eastern,"nkElement"" href=""https://book2.getweave.com/410ea669-06a6-4734-8a59-",Verified (Live Weave Integration),2026-09-08 11:19:53
Peach Dermatology - Suwanee,https://peachdermatology.com,peachdermatology.com,Wellness,15d748cd-6cb2-4445-aaf6-d067f6e95ed2,admin@peachdermatology.com,US/Eastern,Official Weave API Account | Active: True | Location: 15d748cd-6cb2-4445-aaf6-d067f6e95ed2,Verified (Active Weave Account),2026-09-08 11:19:53
Brooklyn Blvd Dental,https://brooklynblvddental.com,brooklynblvddental.com,Dental,6345ff91-af1c-476c-9da7-0f661ed02a6e,frontdesk1@brooklynblvddental.com,US/Central,"r-size-sm"" href=""https://book2.getweave.com/6345ff91-af1c-476c-9da7-",Verified (Live Weave Integration),2026-09-08 11:19:53
Lakeshore Dental,https://lakeshoredentalsc.com,lakeshoredentalsc.com,Dental,97daed13-c4fb-4765-aaf6-7c795d49a505,do@lakeshoredentalsc.com,US/Central,Official Weave API Account | Active: True | Location: 97daed13-c4fb-4765-aaf6-7c795d49a505,Verified (Active Weave Account),2026-09-08 11:19:53
Aspire Rejuvenation - Orlando,https://aspirerejuvenation.com,aspirerejuvenation.com,Dental,44e9c3f7-09e0-4453-a871-389207cd3c41,info@aspirerejuvenation.com,US/Eastern,Official Weave API Account | Active: True | Location: 44e9c3f7-09e0-4453-a871-389207cd3c41,Verified (Active Weave Account),2026-09-08 11:19:53
LA Ageless,https://laageless.com,laageless.com,Dental,adbefa83-68af-4f09-9032-88bf971bb1b4,contact@laageless.com,US/Pacific,"r-size-sm"" href=""https://book2.getweave.com/adbefa83-68af-4f09-9032-",Verified (Live Weave Integration),2026-09-08 11:19:53
Morris Park Dental,https://morrisparkdental.com,morrisparkdental.com,Dental,baea2d1c-2caa-40f6-a5e8-518ac233be0e,jbaker@morrisparkdental.com,US/Eastern,"=""cta""> <a href=""https://book2.getweave.com/baea2d1c-2caa-40f6-a5e8-",Verified (Live Weave Integration),2026-09-08 11:19:54
Modern Roots Dental,https://austgenfamilydental.com,austgenfamilydental.com,Dental,7e140c86-1db7-48d1-b7d9-cd3df0d07968,smiles@austgenfamilydental.com,US/Eastern,Official Weave API Account | Active: False | Location: 7e140c86-1db7-48d1-b7d9-cd3df0d07968,Verified (Active Weave Account),2026-09-08 11:19:54
Middlebury Animal Clinic,https://middleburyanimalclinic.com,middleburyanimalclinic.com,Vet,d4956104-1525-4d1b-ae7b-824eba3e8102,info@middleburyanimalclinic.com,US/Eastern,Official Weave API Account | Active: True | Location: d4956104-1525-4d1b-ae7b-824eba3e8102,Verified (Active Weave Account),2026-09-08 11:19:54
Kirkland Children's Dentistry,https://kirklandchildrensdentistry.com,kirklandchildrensdentistry.com,Dental,11841b64-df95-4e72-b770-69db1100dbab,info@kirklandchildrensdentistry.com,US/Pacific,Official Weave API Account | Active: True | Location: 11841b64-df95-4e72-b770-69db1100dbab,Verified (Active Weave Account),2026-09-08 11:19:54
Jamboree Optometry,https://jamboreeoptometry.com,jamboreeoptometry.com,Optometry,2d4caa7f-f704-468e-9846-ea7fb8797c0e,info@jamboreeoptometry.com,US/Pacific,Official Weave API Account | Active: True | Location: 2d4caa7f-f704-468e-9846-ea7fb8797c0e,Verified (Active Weave Account),2026-09-08 11:19:54
Smile Culture - Huntingdon Valley,https://smileculture.com,smileculture.com,Dental,4cc8cf2e-9f02-4451-bb4b-cff9db52e5cc,ina@smileculture.com,US/Eastern,Official Weave API Account | Active: True | Location: 4cc8cf2e-9f02-4451-bb4b-cff9db52e5cc,Verified (Active Weave Account),2026-09-08 11:19:54
West Knoxville Dental Associates,https://milledgedentalpartners.com,milledgedentalpartners.com,Dental,383c51bd-eeb1-4f52-a3cb-5eda3c4f70ec,raj@milledgedentalpartners.com,US/Eastern,Official Weave API Account | Active: True | Location: 383c51bd-eeb1-4f52-a3cb-5eda3c4f70ec,Verified (Active Weave Account),2026-09-08 11:19:54
Modern Vue Eyecare,https://modernvueeyecare.com,modernvueeyecare.com,Optometry,e828865e-b2d6-4a46-a4c0-203fff49ed32,info@modernvueeyecare.com,US/Central,"</span> <a href=""https://book2.getweave.com/e828865e-b2d6-4a46-a4c0-",Verified (Live Weave Integration),2026-09-08 11:19:54
