domain,uses_weave,evidence,http_status,error
whiterockanimalhospital.com,No,,403,
afdolivebranch.com,No,,200,
highlandparksmiles.com,No,,403,
rutherfordvet.com,No,,200,
lakevillavet.com,No,,200,
danapointsmiles.com,No,,200,
erpettx.com,No,,200,
sunsetanytime.com,No,,200,
urbananimalveterinary.com,No,,200,
richmondavenueanimalhospital.com,No,,200,
mpahvets.com,No,,200,
vcahospitals.com,No,,200,
safehavenah.com,No,,200,
cityvet.com,No,,200,
dallasveterinaryhospice.com,No,,200,
gcvs.com,No,,200,
gotu.com,Unknown,,,"HTTPSConnectionPool(host='gotu.com', port=443): Max retries exceeded with url: / (Caused by SSLError(SSLError(1, '[SSL: TLSV1_ALERT_PROTOCOL_VERSION] "
gerleczdentistry.com,No,,200,
vickeryplaceanimalhospital.com,No,,200,
utahvetemergency.com,No,,200,
westburyvets.com,No,,200,
philadelphiadentalassociates.com,No,,200,
vergi247.com,No,,200,
lovefreewayanimalhospital.com,No,,200,
aligntherapyutah.com,No,,200,
salemriverfrontdental.com,No,,403,
goodmanortho.com,No,,200,
lakewoodvetcenter.com,No,,200,
chewac.org,No,,200,
thrivepetcare.com,No,,404,
lknpediatricdentistry.com,No,,200,
eastlakeveterinaryhospital.com,No,,200,
bayoucityvets.com,No,,200,
bellairerichmondvets.com,No,,200,
berdydentalgroup.com,No,,200,
ctvsh.com,Unknown,,,"HTTPSConnectionPool(host='ctvsh.com', port=443): Max retries exceeded with url: / (Caused by SSLError(SSLError(1, '[SSL: TLSV1_ALERT_PROTOCOL_VERSION]"
edgefieldanimalclinic.org,No,,200,
riversidevetcare.com,No,,200,
veg.com,No,,200,
amcofthevillage.com,Unknown,,,"HTTPSConnectionPool(host='amcofthevillage.com', port=443): Max retries exceeded with url: / (Caused by SSLError(SSLError(1, '[SSL: TLSV1_UNRECOGNIZED_"
holtvet.com,No,,200,
chahpets.com,No,,200,
casalindavets.com,No,,200,
weence.com,No,,200,
austinvets.com,No,,200,
staroftexasvet.com,No,,200,
midtownvethospital.com,No,,200,
honnasvet.com,No,,200,
urgentvet.com,No,,403,
southparkaustin.com,No,,200,
northstar410vet.com,No,,200,
austinurbanvet.com,No,,200,
veterinariansanantoniotx.com,No,,200,
mem610.com,No,,200,
oakforestvet.com,No,,200,
austinvethospital.com,No,,200,
sanantoniotxvet.com,No,,200,
guilbeaustation.com,No,,200,
dallasvet.net,No,,200,
leonvalleyvet.com,No,,403,
austinanimed.com,No,,200,
alamohillsanimalhospital.com,No,,403,
bluecrosspetclinic.com,No,,200,
facesonly.com,No,,200,
traviscountryvet.com,No,,200,
enclavevision.com,No,,200,
physicalmedicineok.com,No,,200,
veterinarycarecenter.com,No,,200,
stfrancisofassisivet.com,No,,200,
ndanimalhospital.com,No,,200,
pcahaustin.com,No,,200,
accessvetspasadena.com,No,,200,
neartownvet.com,No,,200,
acevetclinic.com,No,,200,
stores.petco.com,No,,200,
laurelpethospital.com,No,,200,
skylinevetshtx.com,No,,200,
alisokidsdental.com,Yes,"t -->   <script defer src=""https://book.getweave.com/text-connect/da21aaaa-78ff-4d11-83",200,
alamodogandcat.com,No,,200,
bluepearlvet.com,No,,403,
banfield.com,No,,200,
grandparkvets.com,No,,403,
spicewoodanimalhospital.com,No,,200,
animaler.net,No,,200,
angelofmercyanimalcriticalcare.com,No,,200,
bstreetvet.com,No,,403,
longdrivedogcat.com,No,,200,
rosecanyonvet.com,No,,200,
northaustinanimalhospital.com,No,,200,
perioimplantinc.com,No,,200,
nwvhaustin.com,No,,200,
grandanimalhospital.com,No,,200,
westcoast.vet,No,,403,
mash.vet,No,,200,
vetsandiego.com,No,,200,
gnwah.com,No,,200,
mvahpets.com,No,,200,
abcvets.com,No,,200,
thepalidentists.com,No,,200,
animalhospitalsanantonio.com,No,,200,
westgatepetandbird.com,No,,200,
admireyoursmilellc.com,No,,200,
modernanimal.com,No,,200,
brodieanimalhospital.com,No,,200,
livewellanimal.com,No,,200,
crestviewveterinaryclinicairport.com,No,,200,
houstonvetclinic.com,No,,200,
campla.org,No,,200,
converseah.com,No,,200,
lhanimalhospital.com,No,,200,
laaser.vet,No,,200,
springvalleyvetclinic.com,No,,200,
angelcityvet.com,Yes,"<a href=""https://book2.getweave.com/8aba3947-91cd-4283-ba30-41aea64f10",200,
telegraphcanyonvet.com,No,,200,
sfvethospital.com,Yes,"k elementor-size-sm"" href=""https://book2.getweave.com/b73b50d8-3bc0-4cf4-8f46-fd80dd8c1f",200,
vermontanimalhospital.com,No,,200,
banimalhospital.com,No,,403,
cahuengaveterinaryhospital.com,No,,200,
southbayveterinaryhospital.com,No,,200,
sevenhillsvet.com,No,,200,
eagle-vet.com,No,,200,
colmapet.com,No,,200,
hpanimalhospital.com,No,,200,
sfamc.com,No,,200,
burnetroadanimalhospital.com,No,,200,
dalycitypethospital.com,No,,200,
presidioway.com,No,,403,
affordableanimalhospitalsilverlake.com,No,,200,
foothillfarmsvh.com,No,,200,
studiocityanimalhospital.com,No,,200,
sagecenters.com,No,,200,
sfurbanpethospital.com,No,,200,
parkeranimalcare.com,No,,200,
sacbroadwayvet.com,No,,403,
sfpethospital.com,No,,200,
tierrasantavetsd.com,No,,200,
kensingtonvet.com,No,,200,
colinaveterinary.com,No,,200,
uptownanimalhospitalsd.com,No,,200,
sacvethospital.com,No,,200,
hillsdaleveterinarian.com,No,,403,
westchestervet.com,No,,200,
somaanimalhospital.com,No,,200,
sfspca.org,No,,200,
discoveryanimalhospital.com,No,,403,
elcerritovet.com,No,,200,
scottsdaleveterinaryclinic.com,No,,403,
drshoja.com,No,,200,
balboavethospital.com,No,,200,
campuscommonspethospital.com,No,,403,
sactownvet.com,No,,200,
lfsah.com,No,,200,
centralphoenixanimalhospital.com,No,,403,
noeanimalhospital.com,No,,200,
oceanavevethosp.com,Yes,"-swap""> <script defer src=""https://book.getweave.com/text-connect/50520f32-f537-4c7e-9b",200,
echoparkvethospital.com,No,,200,
missionpet.com,No,,200,
mohawkalleyanimalhospital.com,No,,200,
animalhospitaloflaveen.com,No,,200,
shattovet.com,No,,200,
bluecrosspethospital.net,No,,200,
picoriveravet.com,No,,200,
palmglenanimalhospital.com,No,,200,
eastmarylandah.com,No,,200,
grandlakevet.com,No,,200,
ardenanimalhospital.com,No,,200,
sandiegobayanimalhospital.com,No,,200,
uvhberkeley.com,No,,200,
collegeanimalhospital.com,No,,200,
polkstreetah.com,No,,200,
royalvet.com,No,,200,
irvingpethospital.com,No,,200,
kaibabanimalhospital.com,Unknown,,,"HTTPSConnectionPool(host='kaibabanimalhospital.com', port=443): Max retries exceeded with url: / (Caused by SSLError(SSLError(1, '[SSL: TLSV1_ALERT_PR"
mvshospital.com,No,,200,
coastviewvet.com,No,,200,
thveterinary.com,No,,200,
dadelandanimalhospital.com,No,,403,
northkenilworthvet.com,Unknown,,,"HTTPSConnectionPool(host='northkenilworthvet.com', port=443): Max retries exceeded with url: / (Caused by SSLError(SSLError(1, '[SSL: TLSV1_ALERT_PROT"
cabrillopethospital.com,No,,200,
townandcountrysd.com,No,,200,
dvah.com,No,,200,
oakvetash.com,No,,200,
reagorpethospital.com,No,,200,
mysacvet.com,No,,200,
ecodecopet.com,Yes,"eader__column"">   <a href=""https://book2.getweave.com/e4886e96-8883-4a77-8c7f-f15af56953",200,
delpasovetclinic.com,No,,200,
ccahweb.com,No,,200,
pinecrestvets.com,No,,200,
westchasevet.com,No,,200,
altavistavet.com,No,,200,
wellswoodah.com,No,,200,
azvet.com,No,,200,
westphoenixvet.com,No,,200,
ahwatukeeanimalcare.com,Unknown,,,"HTTPSConnectionPool(host='ahwatukeeanimalcare.com', port=443): Max retries exceeded with url: / (Caused by SSLError(SSLError(1, '[SSL: TLSV1_ALERT_PRO"
buschgardens.com,No,,200,
tampabayvets.net,No,,200,
sunvalleyhopeah.com,No,,200,
midtownanimalhospital.com,No,,200,
eastdallasvetclinic.com,No,,200,
oviedovetcare.com,No,,403,
veconline.com,No,,200,
eastsacvet.com,No,,200,
arenaanimalhospital.com,No,,200,
drphillipsanimalhospital.com,No,,403,
pet911vet.com,No,,403,
plantationpetvet.com,No,,200,
az24hourvet.com,No,,200,
elcaminovethospital.com,No,,200,
vettopetshialeah.com,No,,200,
doralvet.com,No,,200,
phxveterinarian.com,No,,200,
southsacramentopethospital.com,No,,200,
hydeparkvet.com,No,,200,
westernanimalhospital.com,No,,200,
ingleside.com,No,,200,
pinehillspethospital.com,No,,200,
pavilioncrossingvet.com,No,,200,
lochhavenvet.com,No,,403,
underhillanimalhospital.com,No,,200,
mypethospital.net,No,,200,
pinecastlevet.com,No,,200,
lovet.com,No,,200,
grandoakspethospital.com,No,,200,
familyfriendsvh.com,No,,200,
dalemabryanimalhospital.com,No,,200,
animalhospitaloftampa.com,No,,200,
kirkmanroadveterinaryclinic.com,No,,200,
bayshoreanimalclinic.com,No,,200,
uahvet.com,No,,200,
sunshineanimalhospital.com,No,,200,
forevervets.com,Unknown,,,"HTTPSConnectionPool(host='forevervets.com', port=443): Max retries exceeded with url: / (Caused by SSLError(SSLError(1, '[SSL: TLSV1_ALERT_PROTOCOL_VE"
fetchvets.com,No,,200,
beachstjohnsah.com,No,,200,
reviews.vet,No,,200,
tampavet.com,No,,200,
everypet.org,No,,200,
veterinarycareuniversity.com,No,,200,
pinecrestemergencyvet.com,No,,200,
firstcoastaffordablevet.com,No,,200,
natomasvet.com,No,,200,
gulfcoasttampa.com,No,,200,
semoran408.com,No,,200,
intownanimalhospital.com,No,,200,
vmctampa.com,No,,200,
4pawsvethospital.com,No,,200,
countryoaksvets.com,No,,200,
sanmarcovet.com,No,,200,
animalhospitalatbaldwinpark.com,No,,200,
miamianimalclinic.net,No,,200,
pureveter.com,No,,200,
sandlakeanimalclinic.com,No,,200,
collierah.com,No,,200,
epicvetcare.com,No,,200,
animalfur1st.com,No,,403,
petfolk.com,No,,200,
northdekalbvet.com,No,,200,
amcoforlando.com,No,,200,
tlvcpets.com,Unknown,,,"HTTPConnectionPool(host='tempepethospital.com', port=80): Max retries exceeded with url: / (Caused by ConnectTimeoutError(<HTTPConnection(host='tempep"
brandonlakesanimalhospital.com,No,,200,
wpvet.com,No,,200,
beltwayanimalhospital.com,No,,200,
miramaranimalhospital.com,No,,200,
saintfrancisanimalhospital.org,No,,200,
hhahvets.com,No,,200,
bbah.com,Unknown,,,"HTTPConnectionPool(host='brickellbayanimalhospital.com', port=80): Max retries exceeded with url: / (Caused by ConnectTimeoutError(<HTTPConnection(hos"
normandyblvdanimalhospital.com,No,,200,
avondaleah.com,No,,200,
softpawsac.com,No,,200,
eoah.com,No,,200,
rivercityveterinaryhospital.com,No,,200,
theervets.com,No,,200,
good-vets.com,No,,200,
timuquanaanimalhospital.com,No,,200,
westloopvet.com,No,,200,
westsidevillageah.com,No,,200,
premiervets.net,No,,200,
splootvets.com,No,,200,
bondvet.com,No,,200,
mrah.net,No,,200,
riversidejaxvet.com,Yes,"e="""" target=""_blank"" href=""https://book.getweave.com/025f2001-ecb5-4ef8-8146-c9ac60a5b6",200,
mylegacyvet.com,Unknown,,,"HTTPSConnectionPool(host='mylegacyvet.com', port=443): Max retries exceeded with url: / (Caused by SSLError(SSLError(1, '[SSL: TLSV1_ALERT_PROTOCOL_VE"
peachtreecreekah.com,No,,200,
scoutcare.com,No,,200,
downtownpethospital.com,No,,200,
ozanimalhospital.com,No,,200,
junipervalley.com,No,,200,
exoticbirdhospital.com,No,,200,
kewgardensanimalhospital.com,No,,200,
instavet.com,No,,200,
philadelphiaanimalhospital.com,No,,200,
orlandovets.com,No,,200,
stminaveterinaryclinic.com,No,,200,
onelovevet.com,No,,403,
oldtownvetcare.com,No,,200,
inmanparkanimalhospital.com,No,,200,
verg-brooklyn.com,No,,200,
animalmedicalcenterofchicago.com,No,,200,
jaxvetsurgery.com,No,,200,
gah1.net,No,,200,
animalsfirstvethospital.com,No,,200,
westvillagevets.com,No,,200,
ansleyanimalclinic.com,No,,200,
roxfallsvet.com,No,,200,
goodvets.com,No,,200,
clairmontanimalhospital.com,No,,200,
peachtreehillsvet.com,No,,200,
prahvet.com,No,,200,
batteryparkvets.com,No,,200,
epic.vet,Yes,"name=""Button Orange"" href=""https://book2.getweave.com/874bf120-582b-454b-910a-20113a2203",200,
thefishtownanimalhospital.com,No,,200,
parkroadah.com,No,,200,
carecharlotte.com,No,,200,
queencityanimalhospital.com,No,,403,
brooklynrootsvet.com,No,,200,
eastatlantaanimalclinic.com,No,,200,
greenpointvet.com,No,,200,
mysouthloopvet.com,No,,200,
animalhospitalbrooklyn.com,No,,200,
cherryhillanimalhospital.com,No,,200,
charlottevethospital.com,No,,200,
dilworthanimalhospital.com,No,,200,
hickorygroveanimalhospital.com,No,,200,
companionnp.com,No,,200,
mrahonline.com,No,,403,
valleywestanimalhospital.com,Unknown,,,"HTTPConnectionPool(host='valleywestanimalhospital.com', port=80): Max retries exceeded with url: / (Caused by ConnectTimeoutError(<HTTPConnection(host"
bestcare-ah.com,No,,200,
treehouseanimalclinic.com,No,,200,
pennsaukenvet.com,No,,200,
keepingpetshealthy.com,No,,200,
columbiabelvedereanimalhospital.com,No,,200,
walnutstreetah.com,No,,200,
archdaleanimalhospital.com,No,,200,
artcityvets.com,No,,200,
wofainc.com,No,,200,
wakevetandurgentcare.com,No,,403,
swiftcreekanimal.com,No,,200,
carefirstanimalhospital.com,No,,403,
medvetforpets.com,No,,200,
centercityvet.com,No,,200,
capitalah.com,No,,200,
magnoliaanimalhospital.net,No,,403,
societyhillvets.com,No,,200,
queenvillageah.com,No,,200,
portagepark.com,No,,200,
pase.vet,No,,200,
hiddenvalleyanimalhospital.com,No,,200,
quailcornersanimalhospital.com,No,,200,
queensanimalhospital.com,No,,200,
partnersvetnoda.com,No,,200,
avondalevethospital.com,No,,200,
wcvh.org,No,,200,
medicaldistrictvet.com,No,,200,
commonwealthah.com,No,,200,
mycrossroadsvet.net,No,,200,
uptownvethospital.org,No,,200,
caryvethospital.com,No,,200,
raleighncvet.com,No,,403,
oakheartvet.com,No,,403,
bellemeadeanimalhospital.com,No,,200,
washingtonavevet.com,No,,200,
mallardcreekvet.com,No,,200,
medvet.com,No,,200,
hightvet.com,No,,200,
heartofbrooklynveterinary.com,No,,200,
ervets4pets.com,No,,200,
nashvilleanimalhouse.com,No,,200,
lakesidepetdoc.com,No,,200,
bahnashville.com,No,,200,
conwayvet.net,Unknown,,,"HTTPConnectionPool(host='conwayvet.net', port=80): Max retries exceeded with url: / (Caused by ConnectTimeoutError(<HTTPConnection(host='conwayvet.net"
nashvillevetspecialists.com,No,,200,
hillsboroanimalhospital.net,No,,200,
elmhillvet.com,No,,200,
charlotte.carolinavet.com,No,,200,
nolibsvet.com,No,,200,
northwoodsah.com,No,,200,
stoneycreekveterinary.com,No,,200,
amcofgarner.com,No,,200,
citypetsanimalcare.com,Unknown,,,"HTTPSConnectionPool(host='citypetsanimalcare.com', port=443): Max retries exceeded with url: / (Caused by SSLError(SSLError(1, '[SSL: TLSV1_ALERT_PROT"
noahsarkcary.com,No,,200,
rockvilleroadanimal.com,No,,200,
knightdaleanimalhospital.com,No,,403,
creedmoorroadanimalhospital.com,Yes,"ager --><script defer src=""https://book.getweave.com/text-connect/0df9e355-e851-4dcc-8a",200,
wholepetvets.com,No,,200,
brookvilleroadvet.com,No,,200,
riverbendpet.com,No,,200,
bracpet.com,No,,200,
noahshospitals.com,No,,200,
priestlakevet.com,No,,200,
shelbystreetanimalclinic.com,No,,200,
vsecindy.com,No,,200,
gvhindy.com,No,,403,
harpethhillsvet.com,No,,200,
berryhillah.com,No,,200,
vmc.vet.osu.edu,No,,200,
animalmedical.net,No,,200,
grovecityvet.com,No,,200,
grassmereanimalhospital.com,No,,200,
hospital.cvm.ncsu.edu,No,,200,
belmontanimalhospital.com,No,,200,
5pointsanimalhospital.net,No,,200,
gahannaanimalhospital.org,No,,200,
amcgahanna.com,No,,200,
iauc.vet,No,,200,
petvet365.com,No,,200,
indyvet.com,No,,200,
michiganstreetvet.com,No,,200,
mobleyveterinaryclinic.com,No,,200,
trussvet.com,No,,200,
thevillagevets.com,No,,200,
amcny.org,No,,200,
citywayanimalclinics.com,No,,200,
aaecindy.com,No,,200,
longanimal.com,No,,200,
nortonroadvethospital.com,No,,200,
downtownpetvet.com,No,,200,
lafayetteroadveterinaryhospital.com,No,,200,
southsideanimalhosp.com,No,,200,
eaglecreekvet.com,No,,200,
richlandanimalclinic.com,No,,200,
uavethospital.com,No,,200,
knappvet.com,No,,200,
parkerspaws.net,No,,200,
amcindy.com,No,,200,
belleforestanimalhospital.com,No,,200,
belmontanimal.com,No,,200,
eastonanimalhospital.com,No,,200,
belvoirpethospital.com,No,,200,
beachlandanimal.top,No,,403,
grahvet.com,No,,200,
madisonstreetanimalhospital.com,No,,200,
hermitageanimalclinic.com,No,,200,
germanvillageveterinaryhospital.com,No,,200,
mercerstreetvet.com,No,,200,
tremontanimalclinic.com,No,,200,
fifthandkenny.com,No,,200,
glencoeanimals.com,No,,200,
shakersquareanimalhospital.com,No,,200,
whitehallah.com,No,,200,
fremontvets.com,No,,200,
jetcityanimalclinic.com,No,,403,
animalhospitalfairview.com,No,,200,
lakeland-animal-clinic.com,No,,200,
wpahcle.com,No,,200,
clevelandveterinaryclinic.com,No,,200,
acccw.com,No,,200,
clintonvilleah.com,No,,200,
oaklandparkanimalhospitalllc.com,No,,200,
atlanticvetseattle.com,No,,200,
rooseveltah.com,No,,200,
theanimedic.com,Unknown,,,"HTTPConnectionPool(host='theanimedic.com', port=80): Max retries exceeded with url: / (Caused by ConnectTimeoutError(<HTTPConnection(host='theanimedic"
buckeyeanimalhospital.com,No,,200,
evolutionvet.com,No,,200,
newporthillsvet.com,No,,200,
wrah.com,No,,200,
greenroadanimalhospital.com,No,,200,
eastindyvet.com,No,,200,
gatewayanimalohio.com,No,,200,
pawsandclawsnashville.com,No,,200,
yourmesavet.com,No,,200,
rainbowvet.com,No,,200,
subvetclinic.net,No,,200,
bellevueveterspecialty.com,Unknown,,,"HTTPSConnectionPool(host='bellevueveterspecialty.com', port=443): Max retries exceeded with url: / (Caused by SSLError(SSLError(1, '[SSL: TLSV1_ALERT_"
emeraldcity24hrvet.com,Unknown,,,"HTTPSConnectionPool(host='emeraldcity24hrvet.com', port=443): Max retries exceeded with url: / (Caused by SSLError(SSLError(1, '[SSL: TLSV1_ALERT_PROT"
greatsouthernanimal.com,No,,200,
foxhollowvet.com,No,,403,
cloverleafanimalhospital.com,No,,200,
ballardanimalhospital.com,No,,200,
foothillsanimalsco.com,No,,200,
rockyriveranimalhospital.com,No,,200,
wellshirevet.com,No,,200,
urbananimalnw.com,No,,200,
valleyvetdenver.wixsite.com,No,,404,
warrensvilleanimalcenter.com,No,,200,
obetzah.com,No,,200,
robertandwendt.com,No,,200,
brickyardanimal.com,No,,200,
citypets614.com,No,,200,
lakewoodvet.com,Unknown,,,"HTTPSConnectionPool(host='lakewoodvet.com', port=443): Max retries exceeded with url: / (Caused by SSLError(SSLError(1, '[SSL: TLSV1_UNRECOGNIZED_NAME"
evanseastvet.com,No,,200,
aucvet.com,No,,200,
careanimal.com,No,,200,
west56thstvet.com,No,,200,
holladayveterinaryhospital.com,No,,200,
rainiervet.com,No,,200,
westseattleanimal.com,No,,200,
universityvetslc.com,No,,200,
lakecityveterinaryclinic.com,No,,200,
elliottbayah.com,No,,200,
petstopvet.com,No,,200,
eastvalleyveterinaryclinic.com,No,,200,
hunteranimalhospitalut.com,No,,200,
shakerheightsanimalhospital.com,No,,200,
columbiacity.vet,No,,200,
mapleleafvet.com,No,,200,
factoriavet.com,No,,200,
lvvetspecialtyer.com,No,,200,
northfieldvethospital.com,No,,200,
heartsalivevillage.org,No,,200,
southshoresah.com,No,,200,
saltlakeveterinarian.com,No,,200,
millcreekpetandurgentcare.com,No,,200,
saharapinesah.com,No,,200,
mahutah.com,No,,200,
wccvet.com,No,,200,
millcreekveterinaryclinic.com,No,,200,
utahredwoodvet.com,No,,200,
westdenverveterinary.com,No,,200,
dovelewis.org,No,,200,
rainbowanimalhospital.com,No,,200,
highlandsanimalclinic.com,No,,200,
madisonparkvet.com,No,,200,
bocaparkanimalhospital.com,No,,200,
auroraveterinaryhospital.com,No,,200,
montclairanimalclinic.com,No,,200,
tanasbourneveter.com,No,,200,
emeraldanimalhospital.com,No,,200,
greenvalleyveterinarians.com,No,,200,
gatewayveterinary.com,No,,403,
sugarhousevet.com,No,,200,
tropicanaanimalhospital.com,No,,200,
wilsonveterinaryhospital.com,No,,200,
caminoalnortevet.com,No,,200,
westflamingo.com,No,,200,
highlandparkpethospital.com,No,,200,
downtownanimalcarecenter.com,No,,200,
nimbuspet.com,No,,200,
kindredspiritsanimalhospital.com,No,,200,
vrcc.com,No,,200,
sadievetpdx.com,No,,200,
pdxheartandsoul.com,No,,200,
orchardanimaloutreach.org,No,,200,
greenlakevet.com,No,,200,
humanecolorado.org,No,,200,
bostonanimalhosp.com,No,,200,
lonemountainanimalhospital.com,No,,200,
livewellanimalcanyonrim.com,No,,200,
oaktreevet.net,No,,200,
charlestown-vets.com,No,,200,
merwinclinic.org,No,,200,
craigrd.com,No,,200,
brooklynyardvet.com,No,,200,
westrussellah.com,No,,200,
pacificveterinaryhospital.com,No,,200,
durangoanimalhospital.com,No,,200,
hannahpethospital.com,No,,200,
belcarovets.com,No,,200,
nwlasvegasvets.com,No,,200,
backbayvet.com,No,,200,
dvmcvet.vetsuite.com,No,,200,
portlandanimalclinic.com,No,,200,
townncountryvet.com,Unknown,,,"HTTPSConnectionPool(host='townncountryvet.com', port=443): Max retries exceeded with url: / (Caused by SSLError(SSLError(1, '[SSL: TLSV1_ALERT_PROTOCO"
affiliatedvet.com,No,,200,
rosecityvet.com,No,,200,
petsvetboston.com,No,,200,
animalkindnessvet.net,No,,200,
jpanimalclinic.com,No,,200,
oswegovet.com,No,,200,
huronvethospital.com,No,,200,
lauzonvet.ca,No,,403,
walkerroadanimalhospital.com,No,,403,
avenuespetclinicslc.com,No,,200,
olympuscovevet.com,No,,200,
rosewayvet.com,No,,200,
southbayveterinary.com,No,,200,
bethanyfamilypetclinic.com,No,,200,
michiganhumane.org,No,,200,
callananveterinarygroup.com,No,,200,
jeffersonvet.com,No,,200,
vmc.umn.edu,No,,403,
gratefulheartvethospital.com,No,,200,
kindnessanimalvet.com,No,,200,
animalhospitalofwindsor.ca,No,,200,
parkwayvethospital.com,No,,200,
cascadevrc.com,No,,200,
cedarmillvet.com,No,,200,
downtownvet.net,No,,200,
camdenpet.com,No,,403,
platzanimalhospital.com,No,,200,
northbeavertonpet.com,No,,200,
forestgladeanimalhospital.com,No,,200,
freshpondanimalhospital.com,No,,200,
myvetpartners.com,No,,403,
metropetmn.com,No,,200,
southwindsoranimalhospital.ca,No,,403,
brackanimalhospital.ca,No,,200,
huronchurchvet.ca,No,,200,
bostonveterinary.com,No,,200,
pattersondogandcat.com,No,,200,
eastbostonvet.com,No,,200,
mspca.org,No,,200,
emmersonanimalhospital.com,No,,200,
basslakepethospital.com,No,,403,
oregonhumane.org,No,,200,
stpaulpet.com,No,,200,
rymaps.xyz,No,,200,
tecumsehanimalhospital.com,No,,200,
comoparkanimalhospital.com,No,,200,
alliedervet.com,No,,200,
phph.net,Unknown,,,"HTTPSConnectionPool(host='phph.net', port=443): Max retries exceeded with url: / (Caused by SSLError(SSLError(1, '[SSL: TLSV1_ALERT_PROTOCOL_VERSION] "
theexoticpetvets.com,Unknown,,,"HTTPConnectionPool(host='theexoticpetvets.com', port=80): Max retries exceeded with url: / (Caused by ConnectTimeoutError(<HTTPConnection(host='theexo"
petcentralanimalhospital.com,No,,200,
missionveterinaryspecialists.com,No,,200,
dixah.com,No,,200,
westwoodanimalhospital.com,No,,200,
eagleanimalhospital.com,No,,200,
windsorvets.com,No,,200,
carevet.com,Unknown,,,"HTTPSConnectionPool(host='carevet.com', port=443): Max retries exceeded with url: / (Caused by SSLError(SSLError(1, '[SSL: TLSV1_ALERT_PROTOCOL_VERSIO"
nkcanimalclinic.com,No,,403,
smalldoorvet.com,No,,200,
kah.com,No,,200,
lasallevets.com,No,,200,
lakeharrietvet.com,No,,403,
midwayanimalhospital.com,No,,200,
lyndaleanimalhospital.com,No,,200,
normandyvet.com,No,,403,
metrovetstl.com,No,,200,
yorkshireanimalhospital.com,No,,200,
familypethospitalofshawnee.com,No,,200,
watertownanimalhospitalma.com,No,,200,
unionsquarevet.com,No,,200,
coronadoanimalhospital.com,No,,200,
minnehahaanimalhospital.com,No,,200,
uhanimalhospital.com,No,,200,
amcma.org,No,,200,
bigbendvet.com,No,,403,
claycomoanimalhospital.com,No,,200,
lvaec.net,No,,200,
bluecrossanimal.com,No,,200,
chippewaanimalhospital.com,No,,200,
everhartvet.com,No,,403,
easternanimalhospital.com,No,,200,
hoofandpawanimalclinic.com,No,,403,
ricepetclinic.com,No,,200,
charmcityvet.com,No,,200,
brantonanimalhospital.evetsites.net,No,,200,
kcvetcare.com,No,,200,
hurleydogandcathospital.com,No,,200,
independenceanimalhospital.vet,No,,200,
jeffersonanimalhospital-stl.com,No,,200,
turneranimalhospital.com,No,,200,
stlvetcenter.com,No,,200,
ardenshoreviewanimalhospital.com,No,,200,
hillsideanimalhospital.net,No,,200,
millcreekah.com,No,,200,
emrvc.com,No,,200,
paradiseanimalhospital.com,No,,200,
rockhillpetclinic.com,No,,200,
horseshoepets.com,Unknown,,,"HTTPSConnectionPool(host='horseshoepets.com', port=443): Max retries exceeded with url: / (Caused by SSLError(SSLError(1, '[SSL: TLSV1_ALERT_PROTOCOL_"
aercmn.com,No,,200,
belvedereveterinarycenter.com,No,,200,
missionanimalclinic.com,No,,200,
webstervets.com,Unknown,,,"HTTPSConnectionPool(host='webstervets.com', port=443): Max retries exceeded with url: / (Caused by SSLError(SSLError(1, '[SSL: TLSV1_ALERT_PROTOCOL_VE"
plazaanimalclinic.com,No,,200,
frontierveturgentcare.com,No,,200,
animalcaremilwaukee.com,No,,403,
antiochdog-cathospital.com,No,,200,
frederickroadvet.com,No,,200,
docsidevet.com,No,,200,
threetrailsah.com,No,,200,
watsonrdvet.com,No,,200,
newhopeanimalhospital.com,No,,200,
noahsarkanimalclinic.com,No,,200,
hamptonanimalhospital.com,No,,200,
cwevet.com,No,,200,
westburleighvetclinic.com,No,,403,
milwaukeeanimalhospital.us,No,,403,
stlhillsvet.com,No,,200,
swanharborvet.com,No,,200,
erdmanvet.com,No,,200,
crysleranimalhospital.com,No,,200,
lightstreetanimalhospital.vetstreet.com,No,,200,
rockroadvets.com,No,,200,
pikesvillevet.com,No,,200,
northviewvets.com,No,,200,
westviewanimalhospital.com,No,,200,
brentwoodanimalhospital.com,No,,200,
rt66vet.com,No,,200,
grantviewah.com,No,,200,
malaherdvethospital.com,No,,200,
fullertonanimal.com,No,,200,
shorewoodanimalhospital.com,No,,200,
advancedanimalhospital.com,No,,200,
bluecrossvetnm.com,No,,200,
taylorranchveterinaryhospital.com,No,,200,
annearundelvet.com,No,,200,
mayfairanimalemergency.com,No,,200,
delnorteanimalclinic.com,No,,200,
crawfordvet.com,No,,200,
pahvets.com,No,,200,
westallisanimalhospital.com,No,,200,
harborviewvet.com,No,,200,
bayshorevets.com,No,,200,
roadrunnerveter.com,No,,200,
laytonanimalhospital.com,No,,200,
stevensonvillagevet.com,No,,200,
fallsroad.com,No,,200,
tlcpethospital.net,No,,200,
wauwatosavet.com,No,,200,
lacuevavet.com,No,,200,
parkvilleah.com,No,,200,
silverspringanimalwellness.com,No,,200,
acacia-vets.com,No,,200,
sonoranvet.com,No,,200,
pawstucson.com,No,,200,
riobravovet.com,No,,200,
manzanoanimalclinic.com,No,,200,
milwaukeevetclinic.com,No,,200,
burleighroadanimalhospital.com,No,,200,
adobevetcenter.com,No,,200,
milwaukeedowntownvet.com,No,,200,
aztecanimalclinic.com,No,,200,
eubankanimalclinic.com,No,,200,
deserthillsvet.com,No,,200,
broadwayah.net,No,,200,
grantsquareanimalhospital.com,No,,200,
catalinapethospital.net,No,,200,
valleverdeah.com,No,,200,
stmarysanimalclinic.com,No,,200,
myairportanimalhospital.com,No,,200,
warracresvet.com,No,,200,
healinghandsvetcenter.com,No,,403,
cornerstonevethospital.com,No,,403,
orangegroveah.com,No,,200,
myriograndevet.com,No,,200,
cityanimalhospitalokc.com,No,,200,
pantanoac.com,Unknown,,,"HTTPSConnectionPool(host='pantanoac.com', port=443): Max retries exceeded with url: / (Caused by SSLError(SSLError(1, '[SSL: TLSV1_ALERT_PROTOCOL_VERS"
goldenvalleyanimalhospital.com,Unknown,,,"HTTPConnectionPool(host='goldenvalleyanimalhospital.com', port=80): Max retries exceeded with url: / (Caused by ConnectTimeoutError(<HTTPConnection(ho"
kokopellivet.com,No,,200,
statvet.com,No,,200,
neel.vet,No,,200,
inaroadanimalhospital.com,No,,200,
okvets.com,No,,200,
valleyglen-vet.com,No,,403,
speedwayvet.com,No,,200,
greenbriaranimalclinic.com,No,,200,
petfriendsvetokc.com,No,,200,
okcitypaws.com,No,,200,
bellaspca.org,No,,200,
tulsageneralveterinaryhospital.com,No,,403,
universitypetclinic.com,No,,200,
cherokeehillsvet.com,No,,200,
midwestveterinaryhospital.com,No,,200,
mckinneyanimal.net,No,,200,
evervet.com,No,,200,
sandiaanimalclinic.com,No,,200,
southernhillsvet.com,No,,200,
amshpetvet.com,No,,200,
buenapetclinic.com,No,,200,
harvesthillsvet.com,No,,200,
elmcreekanimalhospital.net,No,,403,
golflinksanimal.org,No,,200,
avenuevet.com,No,,200,
southernazvets.com,No,,200,
wedgewoodpetclinic.com,No,,200,
pawsitiveveterinarycare.us,No,,200,
vscot.com,No,,200,
crestwoodanimalhospital.com,No,,200,
cortarofarmspethospital.com,No,,200,
tulsavet.net,No,,200,
okcvetcampus.com,No,,200,
juantaboanimalclinicabq.com,No,,200,
tulsatownvet.com,No,,200,
continentalranchpetclinic.com,No,,200,
bestfriendstulsa.com,No,,200,
metairievets.com,No,,200,
centralah.com,No,,200,
brittonroadveterinaryclinic.com,No,,200,
msah.com,No,,200,
okcanimalemergency.com,No,,200,
aectulsa.com,No,,200,
midcityvet.com,No,,200,
classenviewvet.com,No,,200,
dundalk-animal-hospital.site,No,,200,
heritagevet.org,No,,200,
thehighlandsvet.com,No,,200,
lakeviewvet.com,No,,200,
avahtulsa.com,No,,200,
tulsaurgentvet.com,No,,200,
johnsonanimalclinic.com,No,,403,
harvardveterinary.com,No,,200,
prestonanimal.com,No,,200,
eastriversidevet.com,No,,200,
prytaniavet.com,No,,200,
petcarecenterinc.com,No,,200,
crescentcityvet.com,No,,200,
riverroadvets.com,No,,200,
eastsideanimal.com,No,,200,
harwoodveterinaryhospital.com,Unknown,,,"HTTPConnectionPool(host='harwoodveterinaryhospital.com', port=80): Max retries exceeded with url: / (Caused by ConnectTimeoutError(<HTTPConnection(hos"
lowcostanimal.org,No,,200,
harahanvet.com,No,,200,
benardavet.com,No,,200,
mymemphisvet.com,No,,200,
stbernardvet.com,No,,200,
animalhospitalofoldmetairie.com,No,,200,
petcarecenternola.com,No,,200,
crescenthillanimalhospital.com,No,,200,
lyndonanimalclinic.com,No,,200,
berclairanimal.com,No,,200,
shivelyanimalclinic.com,No,,200,
mcgeheeclinic.com,No,,200,
canalstreetvet.com,No,,200,
thedowntownanimalhospital.com,No,,200,
marinaanimalclinic.com,No,,200,
barbourlaneanimalhospital.com,No,,200,
louisvillepetvet.com,No,,200,
eastmemphispethospital.org,No,,200,
eastlouisvilleanimalhospital.com,No,,200,
graceanimal.com,No,,200,
southshoreanimal.com,Unknown,,,"HTTPSConnectionPool(host='southshoreanimal.com', port=443): Max retries exceeded with url: / (Caused by SSLError(CertificateError(""hostname 'southshor"
plantationanimalclinic.com,No,,200,
southerncrossingah.com,No,,200,
audubonanimalhospital.com,No,,200,
hancockanimal.com,Unknown,,,"HTTPSConnectionPool(host='hancockanimal.com', port=443): Read timed out. (read timeout=4.0)"
farmersveterinary.com,No,,200,
westsidevetgretna.com,No,,200,
stmatthewsanimalclinic.com,No,,200,
hillsideanimalclinic.com,No,,200,
doerranimalclinic.com,No,,200,
gentlecareanimalhospital.com,No,,200,
hikespointanimalhospital.com,No,,200,
eastgatevets.com,No,,403,
magazinestreetanimalclinic.com,Unknown,,,"HTTPSConnectionPool(host='magazinestreetanimalclinic.com', port=443): Max retries exceeded with url: / (Caused by SSLError(CertificateError(""hostname "
cloverleafac.com,No,,200,
memphisanimalclinic.com,No,,200,
preventalitter.org,No,,200,
baybeachemergencyvet.com,No,,200,
northgatevet.net,No,,200,
baybeachvets.com,No,,200,
ranchacresvet.net,No,,200,
colonialvethospital.com,No,,200,
chenowethanimalhospital.com,No,,200,
spaymemphis.org,No,,200,
independencevethospital.com,No,,200,
vbvh.net,No,,200,
gailoranimalhospital.com,No,,200,
salemvetvb.com,No,,200,
courthouseveterinaryclinic.com,No,,403,
richmondspca.org,No,,200,
greatneckvet.com,No,,200,
mechanicsvilleanimalhospital.com,No,,200,
allyurgentvet.com,No,,200,
getwellanimalmemphis.com,No,,200,
carbondalevet.com,No,,200,
birdneckanimalhospital.com,No,,403,
vabeachvet.com,No,,200,
timberlakevet.com,No,,200,
affordableveterinaryservices.com,No,,403,
urgentpetcareomaha.com,No,,200,
florenceanimalhospital.net,No,,200,
familyveterinarypractice.com,No,,200,
bonairanimalhospital.com,No,,200,
kempsvillevet.com,No,,200,
aecmemphis.com,No,,200,
ralstonvet.com,No,,200,
scottsadditionanimalhospital.com,No,,200,
heartlandpethospital.vet,No,,200,
myweb24.site,No,,200,
stonehengeveterinaryhospital.com,No,,200,
newmarketvetclinic.com,No,,200,
hilliardveterinaryhospital.com,No,,200,
quioccasinveterinaryhospital.com,No,,200,
thefairfieldvet.com,No,,200,
raleighbartlettanimalhospital.com,No,,200,
westernhillspethospital.com,No,,200,
churchhillanimalhospital.com,No,,200,
owlcreekveterinaryhospital.com,No,,200,
strawbridgeanimalcare.com,No,,200,
stratfordhillsveterinary.com,No,,200,
bestcarepethospitalomaha.com,No,,200,
carystreetvet.com,No,,200,
goodsampetdoc.com,No,,200,
valleyviewveterinaryclinic.com,No,,200,
cedarvethospital.com,No,,200,
petvaxah.com,No,,200,
theanimalhosp.com,No,,200,
americananimal.net,No,,200,
elmveterinary.top,No,,403,
bettybaughsanimalclinic.com,No,,200,
eastcolumbusvet.com,Unknown,,,"HTTPConnectionPool(host='eastcolumbusvet.com', port=80): Max retries exceeded with url: / (Caused by NameResolutionError(""HTTPConnection(host='eastcol"
pamoistpets.com,No,,403,
vet.upenn.edu,Unknown,,,"HTTPConnectionPool(host='vet.upenn.edu', port=80): Max retries exceeded with url: / (Caused by ConnectTimeoutError(<HTTPConnection(host='vet.upenn.edu"
carrolltonveterinaryhospital.com,Unknown,,,"HTTPConnectionPool(host='carrolltonveterinaryhospital.com', port=80): Read timed out."
omahaah.com,No,,200,
tuckahoevet.com,No,,200,
boulevardahva.com,No,,200,
fvsec.com,No,,200,
broadstreetvet.com,No,,200,
primaryvetcare.com,No,,200,
coastalvetvb.com,No,,200,
acredaleanimalhospital.com,No,,200,
bixbyanimal.com,No,,403,
papillionanimalhospital.com,No,,200,
threechoptanimal.com,No,,200,
vetomaha.com,No,,200,
abbeyanimal.com,No,,200,
topchoiceanimalhospital.com,No,,200,
abbypethospital.com,No,,200,
lincolnanimals.com,No,,403,
theparcvet.com,No,,200,
generalboothveterinaryhospital.com,No,,200,
valverdeanimalhospital.vetstreet.com,No,,200,
maroatrackpethospital.net,No,,200,
southomahaanimalhospital.com,No,,200,
sunnysidepetca.com,No,,200,
fwanimalemergency.com,No,,403,
utopiaanimalhospital.com,No,,200,
rockbrookanimalclinic.com,No,,200,
armstrongpethospital.com,No,,200,
beachpet.com,No,,200,
bensonanimalclinic.com,No,,200,
altaanimalhospitalclovisca.com,No,,200,
allcreaturesfresno.com,No,,200,
belmontshorevet.com,No,,200,
247petvets.com,No,,200,
sierraviewanimalhospital.com,No,,200,
clovispethospital.com,No,,200,
catsmeowvets.com,No,,200,
hopeaf.com,No,,200,
lomitapethospital.com,No,,200,
browntrailah.com,No,,200,
pineanimalhospital.com,Yes,"k elementor-size-sm"" href=""https://book.getweave.com/2e247d60-9638-46ae-8731-7dbfe03f34",200,
bullardmarksveterinarymedicalcenter.com,No,,200,
i20animal.com,No,,200,
signalhillpethospital.com,No,,200,
xroadsvets.com,No,,403,
pennypaws.com,No,,200,
fpcnorthrichlandvet.com,No,,200,
lakeworthanimalclinic.net,No,,200,
californiavethospital.com,No,,200,
parkviewpetvet.com,No,,200,
waterhouseanimalhospital.com,No,,200,
lbcvets.com,No,,200,
24thstreetanimalclinic.com,No,,200,
lovelandanimalhospital.com,No,,200,
eastelpasoanimalhospital.com,No,,200,
stellarvet.com,No,,200,
animalmedfresno.com,No,,200,
mcraeanimalhospital.com,No,,403,
lbah.com,No,,200,
iroquoisanimalclinic.com,No,,200,
foothillsanimalclinicelpaso.com,No,,200,
holyfamilypetcare.com,No,,403,
cityviewanimalhospital.com,No,,200,
veterinaryspecialty.com,No,,200,
deserteastanimalhospital.com,No,,200,
tlcvetelpaso.com,No,,200,
alternatives5.com,No,,200,
animalercare.com,No,,200,
komaps.top,No,,200,
vistahillsanimalhospital.com,No,,200,
epanimalemergency.com,No,,200,
ridgleaveterinary.com,No,,200,
cheyennepets.com,No,,200,
kernplaceveterinaryhospital.com,No,,200,
rwah.vet,No,,200,
hurstanimalclinic.com,No,,200,
allstaranimalhospitalep.com,No,,200,
claremontranchvet.com,Unknown,,,"HTTPSConnectionPool(host='claremontranchvet.com', port=443): Max retries exceeded with url: / (Caused by SSLError(SSLError(1, '[SSL: TLSV1_ALERT_PROTO"
highcountryvetcos.squarespace.com,No,,200,
westgateomaha.com,No,,200,
countryclubanimalclinic.net,No,,200,
brownvet.com,No,,403,
eastspringsanimalhospital.com,No,,200,
a-animalclinic.com,No,,200,
zargesanimalclinic.com,No,,200,
eastwoodanimalclinic.com,No,,200,
bluecrossvethospital.com,No,,200,
southernrockiesanimaler.com,No,,200,
saintfrancisvetclinic.com,No,,200,
edgarparkveterinaryclinic.com,No,,200,
cowtownvet.com,No,,200,
bijouanimalhospital.com,No,,200,
harrisparkwayanimalhosp.com,No,,200,
annroadah.com,Unknown,,,"HTTPConnectionPool(host='annroadah.com', port=80): Max retries exceeded with url: / (Caused by NameResolutionError(""HTTPConnection(host='annroadah.com"
cookveterinary.com,No,,200,
bridgestreetanimalclinicfw.com,No,,200,
highplainsvet.com,No,,200,
animalhospitalcs.com,No,,200,
fvah-co.com,No,,200,
bearcreekvet.com,No,,200,
myweb18.site,No,,200,
faithfulfriendsanimalhospital.com,No,,200,
aspenviewvet.com,No,,200,
yorkshirevetclinic.com,No,,200,
elpasoanimalurgentcare.com,No,,200,
animalhospitalsouthwest.com,No,,200,
coronadovets.com,No,,200,
swanimalcare.com,No,,200,
westsideanimalhospital.com,No,,200,
abcvetclinic.com,No,,200,
ahhb.net,Unknown,,,"HTTPConnectionPool(host='ahhb.net', port=80): Max retries exceeded with url: / (Caused by ConnectTimeoutError(<HTTPConnection(host='ahhb.net', port=80"
fillmorevet.com,No,,200,
shieldstonepethospital.com,Unknown,,,"HTTPConnectionPool(host='shieldstonepethospital.com', port=80): Read timed out. (read timeout=4.0)"
milwaukeewalkinvetclinic.com,Unknown,,,"HTTPConnectionPool(host='milwaukeewalkinvetclinic.com', port=80): Max retries exceeded with url: / (Caused by NameResolutionError(""HTTPConnection(host"
bellevueanimalhospital.com,Unknown,,,"HTTPConnectionPool(host='bellevueanimalhospital.com', port=80): Max retries exceeded with url: / (Caused by NameResolutionError(""HTTPConnection(host='"
lakeviewpethospital.com,Unknown,,,"HTTPConnectionPool(host='lakeviewpethospital.com', port=80): Max retries exceeded with url: / (Caused by NameResolutionError(""HTTPConnection(host='lak"
ridgewoodanimalhospital.com,Unknown,,,"HTTPConnectionPool(host='ridgewoodanimalhospital.com', port=80): Max retries exceeded with url: / (Caused by NameResolutionError(""HTTPConnection(host="
