Company Name,Location,Industry Hint,Is_Healthcare,Healthcare_Category,Detected_Location,Confidence_Score,Analysis_Reason,Website_Domain
Smile Dental Care,Austin TX,Dental,Yes,Dental & Oral Health,Austin TX,High,"Confirmed Healthcare/Clinic entity (Dental & Oral Health). Key signals: Name keyword: ""dental"", Company name specialty match: ""dental"", Company name specialty match: ""dental care""",N/A
Titan Roofing LLC,Dallas TX,Construction,No,Non-Healthcare,Dallas TX,High,Identified as non-healthcare industry. Signals: Name matches Roofing & Construction,N/A
Austin Heart Hospital,Austin TX,Hospital,Yes,Hospital & Health System,"Austin, TX, USA",High,"Confirmed Healthcare/Clinic entity (Hospital & Health System). Key signals: Name keyword: ""hospital"", Company name specialty match: ""hospital""",N/A
Precision Chiropractic Clinic,Seattle WA,Chiro,Yes,Chiropractic & Spine,Seattle WA,High,"Confirmed Healthcare/Clinic entity (Chiropractic & Spine). Key signals: Name keyword: ""clinic"", Name keyword: ""chiropractic"", Company name specialty match: ""chiropractic""",N/A
Apex Auto Repair,Chicago IL,Auto,No,Non-Healthcare,Chicago IL,High,Identified as non-healthcare industry. Signals: Name matches Automotive,N/A
Dermatology Associates of Florida,Miami FL,Dermatology,Yes,Dermatology & Skin Care,"Florida, USA",High,"Confirmed Healthcare/Clinic entity (Dermatology & Skin Care). Key signals: Name keyword: ""dermatology"", Company name specialty match: ""dermatology""",N/A
Swift Plumbing & HVAC,Denver CO,Plumbing,No,Non-Healthcare,Denver CO,High,Identified as non-healthcare industry. Signals: Name matches Plumbing & HVAC,N/A
Children's Pediatric Wellness Center,Boston MA,Pediatrics,Yes,Pediatrics,Boston MA,High,"Confirmed Healthcare/Clinic entity (Pediatrics). Key signals: Name keyword: ""pediatric"", Name keyword: ""wellness"", Company name specialty match: ""pediatric""",N/A
Smith & Partners Law Firm,New York NY,Legal,No,Non-Healthcare,New York NY,High,Identified as non-healthcare industry. Signals: Name matches Legal & Law Firm,N/A
Valley Family Medicine Practice,Phoenix AZ,Primary Care,Yes,Primary Care & Family Medicine,Phoenix AZ,High,"Confirmed Healthcare/Clinic entity (Primary Care & Family Medicine). Key signals: Name keyword: ""medicine"", Company name specialty match: ""family medicine"", Company name specialty match: ""medicine""",N/A