Practice Name,City,State,Country
Aspen Dental,Chicago,IL,US
Heartland Dental,Effingham,IL,US
Pacific Dental Services,Irvine,CA,US
Smile Doctors Orthodontics,Georgetown,TX,US
Tend Dental,New York,NY,US
Midwest Dental,Mondovi,WI,US
ClearChoice Dental Implant Centers,Denver,CO,US
Great Expressions Dental Centers,Southfield,MI,US
My Kid's Dentist & Orthodontics,Dallas,TX,US
Affordable Dentures & Implants,Raleigh,NC,US
Oak Street Health,Chicago,IL,US
One Medical,San Francisco,CA,US
Village Medical,Houston,TX,US
CityMD Urgent Care,New York,NY,US
Carbon Health,San Francisco,CA,US
